+---------------------+----------------------------+
|     Model Name      |         OnnxModel          |
+---------------------+----------------------------+
|     Model Info      | Op Set: 17 / IR Version: 8 |
+---------------------+----------------------------+
|     IN: images      | float32: (1, 3, 640, 640)  |
| OUT: output_split_0 |  float32: (1, 84, 80, 80)  |
| OUT: output_split_1 |  float32: (1, 84, 40, 40)  |
| OUT: output_split_2 |  float32: (1, 84, 20, 20)  |
+---------------------+----------------------------+
|         Add         |             28             |
|       Concat        |             22             |
|      Constant       |             60             |
|        Conv         |            102             |
|         Div         |             8              |
|       Gather        |             8              |
|       MatMul        |             4              |
|       MaxPool       |             3              |
|         Mul         |            105             |
|       Reshape       |             6              |
|       Resize        |             2              |
|        Shape        |             8              |
|       Sigmoid       |             87             |
|        Slice        |             16             |
|       Softmax       |             2              |
|        Split        |             3              |
|      Transpose      |             4              |
+---------------------+----------------------------+
|     Model Size      |          9.19 MB           |
+---------------------+----------------------------+
2026-09-18 12:08:51.962 | WARNING  | axnn.yamain.command.build:fill_default:242 - force onnxsim due to found op_type in {'Constant', 'ConstantOfShape'}
2026-09-18 12:08:51.963 | WARNING  | axnn.yamain.command.build:fill_default:395 - ignore images csc config because of src_format is AutoColorSpace or src_format and tensor_format are the same
2026-09-18 12:08:51.964 | INFO     | axnn.yamain.common.util:extract_archive:149 - extract [../dataset/images100.tar] to [../build/u16/quant/dataset/images]...
2026-09-18 12:08:52.052 | INFO     | axnn.frontend.parsers.onnx_parser:parse_onnx_model_proto:92 - onnxslim...
+---------------------+----------------------------+----------------------------+
|     Model Name      |         OnnxModel          |         OnnxModel          |
+---------------------+----------------------------+----------------------------+
|     Model Info      | Op Set: 17 / IR Version: 8 | Op Set: 17 / IR Version: 8 |
+---------------------+----------------------------+----------------------------+
|     IN: images      | float32: (1, 3, 640, 640)  | float32: (1, 3, 640, 640)  |
| OUT: output_split_0 |  float32: (1, 84, 80, 80)  |  float32: (1, 84, 80, 80)  |
| OUT: output_split_1 |  float32: (1, 84, 40, 40)  |  float32: (1, 84, 40, 40)  |
| OUT: output_split_2 |  float32: (1, 84, 20, 20)  |  float32: (1, 84, 20, 20)  |
+---------------------+----------------------------+----------------------------+
|         Add         |             28             |             20             |
|       Concat        |             22             |             22             |
|      Constant       |             60             |             0              |
|        Conv         |            102             |            102             |
|         Div         |             8              |             0              |
|       Gather        |             8              |             0              |
|       MatMul        |             4              |             4              |
|       MaxPool       |             3              |             3              |
|         Mul         |            105             |             89             |
|       Reshape       |             6              |             6              |
|       Resize        |             2              |             2              |
|        Shape        |             8              |             0              |
|       Sigmoid       |             87             |             87             |
|        Slice        |             16             |             16             |
|       Softmax       |             2              |             2              |
|        Split        |             3              |             3              |
|      Transpose      |             4              |             4              |
+---------------------+----------------------------+----------------------------+
|     Model Size      |          9.19 MB           |          9.19 MB           |
+---------------------+----------------------------+----------------------------+
|    Elapsed Time     |                          0.99 s                         |
+---------------------+----------------------------+----------------------------+
Building onnx ━━━━━━━━━━━━━━━━━━━━━━━━━━━━━━━━━━━━━━━━ 100% 0:00:02
2026-09-18 12:08:59.030 | INFO     | axnn.yamain.command.build:quant:862 - save optimized onnx to [../build/u16/frontend/optimized.onnx]
                               Quant Config Table                               
┏━━━━━━━━┳━━━━━━━━━━━┳━━━━━━━━━━━┳━━━━━━━━━━━┳━━━━━━━━━━┳━━━━━━━━━━━┳━━━━━━━━━━┓
┃        ┃           ┃ Dataset   ┃ Data      ┃ Tensor   ┃           ┃          ┃
┃ Input  ┃ Shape     ┃ Directory ┃ Format    ┃ Format   ┃ Mean      ┃ Std      ┃
┡━━━━━━━━╇━━━━━━━━━━━╇━━━━━━━━━━━╇━━━━━━━━━━━╇━━━━━━━━━━╇━━━━━━━━━━━╇━━━━━━━━━━┩
│ images │ [1, 3,    │ ../build… │ Image     │ RGB      │ [0.0,     │ [255.0,  │
│        │ 640, 640] │           │           │          │ 0.0, 0.0] │ 255.0,   │
│        │           │           │           │          │           │ 255.0]   │
└────────┴───────────┴───────────┴───────────┴──────────┴───────────┴──────────┘
Quantization calibration will be executed on cpu
                               Layer Config Table                               
┏━━━━━━━━━━━┳━━━━━━━━━━━━━━━━━━━━━━━━━━━━━━━━━━━━━┳━━━━━━━━━━━━━┳━━━━━━━━━━━━━━┓
┃ Op Type   ┃ Layer Name                          ┃ Input Dtype ┃ Output Dtype ┃
┡━━━━━━━━━━━╇━━━━━━━━━━━━━━━━━━━━━━━━━━━━━━━━━━━━━╇━━━━━━━━━━━━━╇━━━━━━━━━━━━━━┩
│ Conv      │ /model.0/conv/Conv                  │ U16         │ U16          │
├───────────┼─────────────────────────────────────┼─────────────┼──────────────┤
│ Silu      │ op_1:onnx.Silu                      │ U16         │ U16          │
├───────────┼─────────────────────────────────────┼─────────────┼──────────────┤
│ Conv      │ /model.1/conv/Conv                  │ U16         │ U16          │
├───────────┼─────────────────────────────────────┼─────────────┼──────────────┤
│ Silu      │ op_2:onnx.Silu                      │ U16         │ U16          │
├───────────┼─────────────────────────────────────┼─────────────┼──────────────┤
│ Conv      │ /model.2/cv1/conv/Conv              │ U16         │ U16          │
├───────────┼─────────────────────────────────────┼─────────────┼──────────────┤
│ Silu      │ op_34:onnx.Silu                     │ U16         │ U16          │
├───────────┼─────────────────────────────────────┼─────────────┼──────────────┤
│ Slice     │ /model.2/Slice                      │ U16         │ U16          │
├───────────┼─────────────────────────────────────┼─────────────┼──────────────┤
│ Slice     │ /model.2/Slice_1                    │ U16         │ U16          │
├───────────┼─────────────────────────────────────┼─────────────┼──────────────┤
│ Conv      │ /model.2/m.0/cv1/conv/Conv          │ U16         │ U16          │
├───────────┼─────────────────────────────────────┼─────────────┼──────────────┤
│ Silu      │ op_36:onnx.Silu                     │ U16         │ U16          │
├───────────┼─────────────────────────────────────┼─────────────┼──────────────┤
│ Conv      │ /model.2/m.0/cv2/conv/Conv          │ U16         │ U16          │
├───────────┼─────────────────────────────────────┼─────────────┼──────────────┤
│ Silu      │ op_37:onnx.Silu                     │ U16         │ U16          │
├───────────┼─────────────────────────────────────┼─────────────┼──────────────┤
│ Add       │ /model.2/m.0/Add                    │ U16         │ U16          │
├───────────┼─────────────────────────────────────┼─────────────┼──────────────┤
│ Concat    │ /model.2/Concat                     │ U16         │ U16          │
├───────────┼─────────────────────────────────────┼─────────────┼──────────────┤
│ Conv      │ /model.2/cv2/conv/Conv              │ U16         │ U16          │
├───────────┼─────────────────────────────────────┼─────────────┼──────────────┤
│ Silu      │ op_35:onnx.Silu                     │ U16         │ U16          │
├───────────┼─────────────────────────────────────┼─────────────┼──────────────┤
│ Conv      │ /model.3/conv/Conv                  │ U16         │ U16          │
├───────────┼─────────────────────────────────────┼─────────────┼──────────────┤
│ Silu      │ op_62:onnx.Silu                     │ U16         │ U16          │
├───────────┼─────────────────────────────────────┼─────────────┼──────────────┤
│ Conv      │ /model.4/cv1/conv/Conv              │ U16         │ U16          │
├───────────┼─────────────────────────────────────┼─────────────┼──────────────┤
│ Silu      │ op_63:onnx.Silu                     │ U16         │ U16          │
├───────────┼─────────────────────────────────────┼─────────────┼──────────────┤
│ Slice     │ /model.4/Slice                      │ U16         │ U16          │
├───────────┼─────────────────────────────────────┼─────────────┼──────────────┤
│ Slice     │ /model.4/Slice_1                    │ U16         │ U16          │
├───────────┼─────────────────────────────────────┼─────────────┼──────────────┤
│ Conv      │ /model.4/m.0/cv1/conv/Conv          │ U16         │ U16          │
├───────────┼─────────────────────────────────────┼─────────────┼──────────────┤
│ Silu      │ op_65:onnx.Silu                     │ U16         │ U16          │
├───────────┼─────────────────────────────────────┼─────────────┼──────────────┤
│ Conv      │ /model.4/m.0/cv2/conv/Conv          │ U16         │ U16          │
├───────────┼─────────────────────────────────────┼─────────────┼──────────────┤
│ Silu      │ op_66:onnx.Silu                     │ U16         │ U16          │
├───────────┼─────────────────────────────────────┼─────────────┼──────────────┤
│ Add       │ /model.4/m.0/Add                    │ U16         │ U16          │
├───────────┼─────────────────────────────────────┼─────────────┼──────────────┤
│ Concat    │ /model.4/Concat                     │ U16         │ U16          │
├───────────┼─────────────────────────────────────┼─────────────┼──────────────┤
│ Conv      │ /model.4/cv2/conv/Conv              │ U16         │ U16          │
├───────────┼─────────────────────────────────────┼─────────────┼──────────────┤
│ Silu      │ op_64:onnx.Silu                     │ U16         │ U16          │
├───────────┼─────────────────────────────────────┼─────────────┼──────────────┤
│ Conv      │ /model.5/conv/Conv                  │ U16         │ U16          │
├───────────┼─────────────────────────────────────┼─────────────┼──────────────┤
│ Silu      │ op_67:onnx.Silu                     │ U16         │ U16          │
├───────────┼─────────────────────────────────────┼─────────────┼──────────────┤
│ Conv      │ /model.6/cv1/conv/Conv              │ U16         │ U16          │
├───────────┼─────────────────────────────────────┼─────────────┼──────────────┤
│ Silu      │ op_68:onnx.Silu                     │ U16         │ U16          │
├───────────┼─────────────────────────────────────┼─────────────┼──────────────┤
│ Slice     │ /model.6/Slice                      │ U16         │ U16          │
├───────────┼─────────────────────────────────────┼─────────────┼──────────────┤
│ Slice     │ /model.6/Slice_1                    │ U16         │ U16          │
├───────────┼─────────────────────────────────────┼─────────────┼──────────────┤
│ Conv      │ /model.6/m.0/cv1/conv/Conv          │ U16         │ U16          │
├───────────┼─────────────────────────────────────┼─────────────┼──────────────┤
│ Silu      │ op_70:onnx.Silu                     │ U16         │ U16          │
├───────────┼─────────────────────────────────────┼─────────────┼──────────────┤
│ Conv      │ /model.6/m.0/m/m.0/cv1/conv/Conv    │ U16         │ U16          │
├───────────┼─────────────────────────────────────┼─────────────┼──────────────┤
│ Silu      │ op_73:onnx.Silu                     │ U16         │ U16          │
├───────────┼─────────────────────────────────────┼─────────────┼──────────────┤
│ Conv      │ /model.6/m.0/m/m.0/cv2/conv/Conv    │ U16         │ U16          │
├───────────┼─────────────────────────────────────┼─────────────┼──────────────┤
│ Silu      │ op_74:onnx.Silu                     │ U16         │ U16          │
├───────────┼─────────────────────────────────────┼─────────────┼──────────────┤
│ Add       │ /model.6/m.0/m/m.0/Add              │ U16         │ U16          │
├───────────┼─────────────────────────────────────┼─────────────┼──────────────┤
│ Conv      │ /model.6/m.0/m/m.1/cv1/conv/Conv    │ U16         │ U16          │
├───────────┼─────────────────────────────────────┼─────────────┼──────────────┤
│ Silu      │ op_75:onnx.Silu                     │ U16         │ U16          │
├───────────┼─────────────────────────────────────┼─────────────┼──────────────┤
│ Conv      │ /model.6/m.0/m/m.1/cv2/conv/Conv    │ U16         │ U16          │
├───────────┼─────────────────────────────────────┼─────────────┼──────────────┤
│ Silu      │ op_76:onnx.Silu                     │ U16         │ U16          │
├───────────┼─────────────────────────────────────┼─────────────┼──────────────┤
│ Add       │ /model.6/m.0/m/m.1/Add              │ U16         │ U16          │
├───────────┼─────────────────────────────────────┼─────────────┼──────────────┤
│ Conv      │ /model.6/m.0/cv2/conv/Conv          │ U16         │ U16          │
├───────────┼─────────────────────────────────────┼─────────────┼──────────────┤
│ Silu      │ op_71:onnx.Silu                     │ U16         │ U16          │
├───────────┼─────────────────────────────────────┼─────────────┼──────────────┤
│ Concat    │ /model.6/m.0/Concat                 │ U16         │ U16          │
├───────────┼─────────────────────────────────────┼─────────────┼──────────────┤
│ Conv      │ /model.6/m.0/cv3/conv/Conv          │ U16         │ U16          │
├───────────┼─────────────────────────────────────┼─────────────┼──────────────┤
│ Silu      │ op_72:onnx.Silu                     │ U16         │ U16          │
├───────────┼─────────────────────────────────────┼─────────────┼──────────────┤
│ Concat    │ /model.6/Concat                     │ U16         │ U16          │
├───────────┼─────────────────────────────────────┼─────────────┼──────────────┤
│ Conv      │ /model.6/cv2/conv/Conv              │ U16         │ U16          │
├───────────┼─────────────────────────────────────┼─────────────┼──────────────┤
│ Silu      │ op_69:onnx.Silu                     │ U16         │ U16          │
├───────────┼─────────────────────────────────────┼─────────────┼──────────────┤
│ Conv      │ /model.7/conv/Conv                  │ U16         │ U16          │
├───────────┼─────────────────────────────────────┼─────────────┼──────────────┤
│ Silu      │ op_77:onnx.Silu                     │ U16         │ U16          │
├───────────┼─────────────────────────────────────┼─────────────┼──────────────┤
│ Conv      │ /model.8/cv1/conv/Conv              │ U16         │ U16          │
├───────────┼─────────────────────────────────────┼─────────────┼──────────────┤
│ Silu      │ op_78:onnx.Silu                     │ U16         │ U16          │
├───────────┼─────────────────────────────────────┼─────────────┼──────────────┤
│ Slice     │ /model.8/Slice                      │ U16         │ U16          │
├───────────┼─────────────────────────────────────┼─────────────┼──────────────┤
│ Slice     │ /model.8/Slice_1                    │ U16         │ U16          │
├───────────┼─────────────────────────────────────┼─────────────┼──────────────┤
│ Conv      │ /model.8/m.0/cv1/conv/Conv          │ U16         │ U16          │
├───────────┼─────────────────────────────────────┼─────────────┼──────────────┤
│ Silu      │ op_80:onnx.Silu                     │ U16         │ U16          │
├───────────┼─────────────────────────────────────┼─────────────┼──────────────┤
│ Conv      │ /model.8/m.0/m/m.0/cv1/conv/Conv    │ U16         │ U16          │
├───────────┼─────────────────────────────────────┼─────────────┼──────────────┤
│ Silu      │ op_83:onnx.Silu                     │ U16         │ U16          │
├───────────┼─────────────────────────────────────┼─────────────┼──────────────┤
│ Conv      │ /model.8/m.0/m/m.0/cv2/conv/Conv    │ U16         │ U16          │
├───────────┼─────────────────────────────────────┼─────────────┼──────────────┤
│ Silu      │ op_84:onnx.Silu                     │ U16         │ U16          │
├───────────┼─────────────────────────────────────┼─────────────┼──────────────┤
│ Add       │ /model.8/m.0/m/m.0/Add              │ U16         │ U16          │
├───────────┼─────────────────────────────────────┼─────────────┼──────────────┤
│ Conv      │ /model.8/m.0/m/m.1/cv1/conv/Conv    │ U16         │ U16          │
├───────────┼─────────────────────────────────────┼─────────────┼──────────────┤
│ Silu      │ op_85:onnx.Silu                     │ U16         │ U16          │
├───────────┼─────────────────────────────────────┼─────────────┼──────────────┤
│ Conv      │ /model.8/m.0/m/m.1/cv2/conv/Conv    │ U16         │ U16          │
├───────────┼─────────────────────────────────────┼─────────────┼──────────────┤
│ Silu      │ op_86:onnx.Silu                     │ U16         │ U16          │
├───────────┼─────────────────────────────────────┼─────────────┼──────────────┤
│ Add       │ /model.8/m.0/m/m.1/Add              │ U16         │ U16          │
├───────────┼─────────────────────────────────────┼─────────────┼──────────────┤
│ Conv      │ /model.8/m.0/cv2/conv/Conv          │ U16         │ U16          │
├───────────┼─────────────────────────────────────┼─────────────┼──────────────┤
│ Silu      │ op_81:onnx.Silu                     │ U16         │ U16          │
├───────────┼─────────────────────────────────────┼─────────────┼──────────────┤
│ Concat    │ /model.8/m.0/Concat                 │ U16         │ U16          │
├───────────┼─────────────────────────────────────┼─────────────┼──────────────┤
│ Conv      │ /model.8/m.0/cv3/conv/Conv          │ U16         │ U16          │
├───────────┼─────────────────────────────────────┼─────────────┼──────────────┤
│ Silu      │ op_82:onnx.Silu                     │ U16         │ U16          │
├───────────┼─────────────────────────────────────┼─────────────┼──────────────┤
│ Concat    │ /model.8/Concat                     │ U16         │ U16          │
├───────────┼─────────────────────────────────────┼─────────────┼──────────────┤
│ Conv      │ /model.8/cv2/conv/Conv              │ U16         │ U16          │
├───────────┼─────────────────────────────────────┼─────────────┼──────────────┤
│ Silu      │ op_79:onnx.Silu                     │ U16         │ U16          │
├───────────┼─────────────────────────────────────┼─────────────┼──────────────┤
│ Conv      │ /model.9/cv1/conv/Conv              │ U16         │ U16          │
├───────────┼─────────────────────────────────────┼─────────────┼──────────────┤
│ MaxPool   │ /model.9/m/MaxPool                  │ U16         │ U16          │
├───────────┼─────────────────────────────────────┼─────────────┼──────────────┤
│ MaxPool   │ /model.9/m_1/MaxPool                │ U16         │ U16          │
├───────────┼─────────────────────────────────────┼─────────────┼──────────────┤
│ MaxPool   │ /model.9/m_2/MaxPool                │ U16         │ U16          │
├───────────┼─────────────────────────────────────┼─────────────┼──────────────┤
│ Concat    │ /model.9/Concat                     │ U16         │ U16          │
├───────────┼─────────────────────────────────────┼─────────────┼──────────────┤
│ Conv      │ /model.9/cv2/conv/Conv              │ U16         │ U16          │
├───────────┼─────────────────────────────────────┼─────────────┼──────────────┤
│ Silu      │ op_87:onnx.Silu                     │ U16         │ U16          │
├───────────┼─────────────────────────────────────┼─────────────┼──────────────┤
│ Add       │ /model.9/Add                        │ U16         │ U16          │
├───────────┼─────────────────────────────────────┼─────────────┼──────────────┤
│ Conv      │ /model.10/cv1/conv/Conv             │ U16         │ U16          │
├───────────┼─────────────────────────────────────┼─────────────┼──────────────┤
│ Silu      │ op_3:onnx.Silu                      │ U16         │ U16          │
├───────────┼─────────────────────────────────────┼─────────────┼──────────────┤
│ Split     │ /model.10/Split                     │ U16         │ U16          │
├───────────┼─────────────────────────────────────┼─────────────┼──────────────┤
│ Conv      │ /model.10/m/m.0/attn/qkv/conv/Conv  │ U16         │ U16          │
├───────────┼─────────────────────────────────────┼─────────────┼──────────────┤
│ Reshape   │ /model.10/m/m.0/attn/Reshape        │ U16         │ U16          │
├───────────┼─────────────────────────────────────┼─────────────┼──────────────┤
│ Split     │ /model.10/m/m.0/attn/Split          │ U16         │ U16          │
├───────────┼─────────────────────────────────────┼─────────────┼──────────────┤
│ Mul       │ /model.10/m/m.0/attn/Mul            │ U16         │ U16          │
├───────────┼─────────────────────────────────────┼─────────────┼──────────────┤
│ Transpose │ /model.10/m/m.0/attn/Transpose      │ U16         │ U16          │
├───────────┼─────────────────────────────────────┼─────────────┼──────────────┤
│ MatMul    │ /model.10/m/m.0/attn/MatMul         │ U16         │ U16          │
├───────────┼─────────────────────────────────────┼─────────────┼──────────────┤
│ Softmax   │ /model.10/m/m.0/attn/Softmax        │ U16         │ U16          │
├───────────┼─────────────────────────────────────┼─────────────┼──────────────┤
│ Transpose │ /model.10/m/m.0/attn/Transpose_1    │ U16         │ U16          │
├───────────┼─────────────────────────────────────┼─────────────┼──────────────┤
│ MatMul    │ /model.10/m/m.0/attn/MatMul_1       │ U16         │ U16          │
├───────────┼─────────────────────────────────────┼─────────────┼──────────────┤
│ Reshape   │ /model.10/m/m.0/attn/Reshape_1      │ U16         │ U16          │
├───────────┼─────────────────────────────────────┼─────────────┼──────────────┤
│ Reshape   │ /model.10/m/m.0/attn/Reshape_2      │ U16         │ U16          │
├───────────┼─────────────────────────────────────┼─────────────┼──────────────┤
│ Conv      │ /model.10/m/m.0/attn/pe/conv/Conv   │ U16         │ U16          │
├───────────┼─────────────────────────────────────┼─────────────┼──────────────┤
│ Add       │ /model.10/m/m.0/attn/Add            │ U16         │ U16          │
├───────────┼─────────────────────────────────────┼─────────────┼──────────────┤
│ Conv      │ /model.10/m/m.0/attn/proj/conv/Conv │ U16         │ U16          │
├───────────┼─────────────────────────────────────┼─────────────┼──────────────┤
│ Add       │ /model.10/m/m.0/Add                 │ U16         │ U16          │
├───────────┼─────────────────────────────────────┼─────────────┼──────────────┤
│ Conv      │ /model.10/m/m.0/ffn/ffn.0/conv/Conv │ U16         │ U16          │
├───────────┼─────────────────────────────────────┼─────────────┼──────────────┤
│ Silu      │ op_5:onnx.Silu                      │ U16         │ U16          │
├───────────┼─────────────────────────────────────┼─────────────┼──────────────┤
│ Conv      │ /model.10/m/m.0/ffn/ffn.1/conv/Conv │ U16         │ U16          │
├───────────┼─────────────────────────────────────┼─────────────┼──────────────┤
│ Add       │ /model.10/m/m.0/Add_1               │ U16         │ U16          │
├───────────┼─────────────────────────────────────┼─────────────┼──────────────┤
│ Concat    │ /model.10/Concat                    │ U16         │ U16          │
├───────────┼─────────────────────────────────────┼─────────────┼──────────────┤
│ Conv      │ /model.10/cv2/conv/Conv             │ U16         │ U16          │
├───────────┼─────────────────────────────────────┼─────────────┼──────────────┤
│ Silu      │ op_4:onnx.Silu                      │ U16         │ U16          │
├───────────┼─────────────────────────────────────┼─────────────┼──────────────┤
│ Resize    │ /model.11/Resize                    │ U16         │ U16          │
├───────────┼─────────────────────────────────────┼─────────────┼──────────────┤
│ Concat    │ /model.12/Concat                    │ U16         │ U16          │
├───────────┼─────────────────────────────────────┼─────────────┼──────────────┤
│ Conv      │ /model.13/cv1/conv/Conv             │ U16         │ U16          │
├───────────┼─────────────────────────────────────┼─────────────┼──────────────┤
│ Silu      │ op_6:onnx.Silu                      │ U16         │ U16          │
├───────────┼─────────────────────────────────────┼─────────────┼──────────────┤
│ Slice     │ /model.13/Slice                     │ U16         │ U16          │
├───────────┼─────────────────────────────────────┼─────────────┼──────────────┤
│ Slice     │ /model.13/Slice_1                   │ U16         │ U16          │
├───────────┼─────────────────────────────────────┼─────────────┼──────────────┤
│ Conv      │ /model.13/m.0/cv1/conv/Conv         │ U16         │ U16          │
├───────────┼─────────────────────────────────────┼─────────────┼──────────────┤
│ Silu      │ op_8:onnx.Silu                      │ U16         │ U16          │
├───────────┼─────────────────────────────────────┼─────────────┼──────────────┤
│ Conv      │ /model.13/m.0/m/m.0/cv1/conv/Conv   │ U16         │ U16          │
├───────────┼─────────────────────────────────────┼─────────────┼──────────────┤
│ Silu      │ op_11:onnx.Silu                     │ U16         │ U16          │
├───────────┼─────────────────────────────────────┼─────────────┼──────────────┤
│ Conv      │ /model.13/m.0/m/m.0/cv2/conv/Conv   │ U16         │ U16          │
├───────────┼─────────────────────────────────────┼─────────────┼──────────────┤
│ Silu      │ op_12:onnx.Silu                     │ U16         │ U16          │
├───────────┼─────────────────────────────────────┼─────────────┼──────────────┤
│ Add       │ /model.13/m.0/m/m.0/Add             │ U16         │ U16          │
├───────────┼─────────────────────────────────────┼─────────────┼──────────────┤
│ Conv      │ /model.13/m.0/m/m.1/cv1/conv/Conv   │ U16         │ U16          │
├───────────┼─────────────────────────────────────┼─────────────┼──────────────┤
│ Silu      │ op_13:onnx.Silu                     │ U16         │ U16          │
├───────────┼─────────────────────────────────────┼─────────────┼──────────────┤
│ Conv      │ /model.13/m.0/m/m.1/cv2/conv/Conv   │ U16         │ U16          │
├───────────┼─────────────────────────────────────┼─────────────┼──────────────┤
│ Silu      │ op_14:onnx.Silu                     │ U16         │ U16          │
├───────────┼─────────────────────────────────────┼─────────────┼──────────────┤
│ Add       │ /model.13/m.0/m/m.1/Add             │ U16         │ U16          │
├───────────┼─────────────────────────────────────┼─────────────┼──────────────┤
│ Conv      │ /model.13/m.0/cv2/conv/Conv         │ U16         │ U16          │
├───────────┼─────────────────────────────────────┼─────────────┼──────────────┤
│ Silu      │ op_9:onnx.Silu                      │ U16         │ U16          │
├───────────┼─────────────────────────────────────┼─────────────┼──────────────┤
│ Concat    │ /model.13/m.0/Concat                │ U16         │ U16          │
├───────────┼─────────────────────────────────────┼─────────────┼──────────────┤
│ Conv      │ /model.13/m.0/cv3/conv/Conv         │ U16         │ U16          │
├───────────┼─────────────────────────────────────┼─────────────┼──────────────┤
│ Silu      │ op_10:onnx.Silu                     │ U16         │ U16          │
├───────────┼─────────────────────────────────────┼─────────────┼──────────────┤
│ Concat    │ /model.13/Concat                    │ U16         │ U16          │
├───────────┼─────────────────────────────────────┼─────────────┼──────────────┤
│ Conv      │ /model.13/cv2/conv/Conv             │ U16         │ U16          │
├───────────┼─────────────────────────────────────┼─────────────┼──────────────┤
│ Silu      │ op_7:onnx.Silu                      │ U16         │ U16          │
├───────────┼─────────────────────────────────────┼─────────────┼──────────────┤
│ Resize    │ /model.14/Resize                    │ U16         │ U16          │
├───────────┼─────────────────────────────────────┼─────────────┼──────────────┤
│ Concat    │ /model.15/Concat                    │ U16         │ U16          │
├───────────┼─────────────────────────────────────┼─────────────┼──────────────┤
│ Conv      │ /model.16/cv1/conv/Conv             │ U16         │ U16          │
├───────────┼─────────────────────────────────────┼─────────────┼──────────────┤
│ Silu      │ op_15:onnx.Silu                     │ U16         │ U16          │
├───────────┼─────────────────────────────────────┼─────────────┼──────────────┤
│ Slice     │ /model.16/Slice                     │ U16         │ U16          │
├───────────┼─────────────────────────────────────┼─────────────┼──────────────┤
│ Slice     │ /model.16/Slice_1                   │ U16         │ U16          │
├───────────┼─────────────────────────────────────┼─────────────┼──────────────┤
│ Conv      │ /model.16/m.0/cv1/conv/Conv         │ U16         │ U16          │
├───────────┼─────────────────────────────────────┼─────────────┼──────────────┤
│ Silu      │ op_17:onnx.Silu                     │ U16         │ U16          │
├───────────┼─────────────────────────────────────┼─────────────┼──────────────┤
│ Conv      │ /model.16/m.0/m/m.0/cv1/conv/Conv   │ U16         │ U16          │
├───────────┼─────────────────────────────────────┼─────────────┼──────────────┤
│ Silu      │ op_20:onnx.Silu                     │ U16         │ U16          │
├───────────┼─────────────────────────────────────┼─────────────┼──────────────┤
│ Conv      │ /model.16/m.0/m/m.0/cv2/conv/Conv   │ U16         │ U16          │
├───────────┼─────────────────────────────────────┼─────────────┼──────────────┤
│ Silu      │ op_21:onnx.Silu                     │ U16         │ U16          │
├───────────┼─────────────────────────────────────┼─────────────┼──────────────┤
│ Add       │ /model.16/m.0/m/m.0/Add             │ U16         │ U16          │
├───────────┼─────────────────────────────────────┼─────────────┼──────────────┤
│ Conv      │ /model.16/m.0/m/m.1/cv1/conv/Conv   │ U16         │ U16          │
├───────────┼─────────────────────────────────────┼─────────────┼──────────────┤
│ Silu      │ op_22:onnx.Silu                     │ U16         │ U16          │
├───────────┼─────────────────────────────────────┼─────────────┼──────────────┤
│ Conv      │ /model.16/m.0/m/m.1/cv2/conv/Conv   │ U16         │ U16          │
├───────────┼─────────────────────────────────────┼─────────────┼──────────────┤
│ Silu      │ op_23:onnx.Silu                     │ U16         │ U16          │
├───────────┼─────────────────────────────────────┼─────────────┼──────────────┤
│ Add       │ /model.16/m.0/m/m.1/Add             │ U16         │ U16          │
├───────────┼─────────────────────────────────────┼─────────────┼──────────────┤
│ Conv      │ /model.16/m.0/cv2/conv/Conv         │ U16         │ U16          │
├───────────┼─────────────────────────────────────┼─────────────┼──────────────┤
│ Silu      │ op_18:onnx.Silu                     │ U16         │ U16          │
├───────────┼─────────────────────────────────────┼─────────────┼──────────────┤
│ Concat    │ /model.16/m.0/Concat                │ U16         │ U16          │
├───────────┼─────────────────────────────────────┼─────────────┼──────────────┤
│ Conv      │ /model.16/m.0/cv3/conv/Conv         │ U16         │ U16          │
├───────────┼─────────────────────────────────────┼─────────────┼──────────────┤
│ Silu      │ op_19:onnx.Silu                     │ U16         │ U16          │
├───────────┼─────────────────────────────────────┼─────────────┼──────────────┤
│ Concat    │ /model.16/Concat                    │ U16         │ U16          │
├───────────┼─────────────────────────────────────┼─────────────┼──────────────┤
│ Conv      │ /model.16/cv2/conv/Conv             │ U16         │ U16          │
├───────────┼─────────────────────────────────────┼─────────────┼──────────────┤
│ Silu      │ op_16:onnx.Silu                     │ U16         │ U16          │
├───────────┼─────────────────────────────────────┼─────────────┼──────────────┤
│ Conv      │ /model.17/conv/Conv                 │ U16         │ U16          │
├───────────┼─────────────────────────────────────┼─────────────┼──────────────┤
│ Conv      │ /model.23/one2one_cv2.0/one2one_cv… │ U16         │ U16          │
├───────────┼─────────────────────────────────────┼─────────────┼──────────────┤
│ Conv      │ /model.23/one2one_cv3.0/one2one_cv… │ U16         │ U16          │
├───────────┼─────────────────────────────────────┼─────────────┼──────────────┤
│ Silu      │ op_24:onnx.Silu                     │ U16         │ U16          │
├───────────┼─────────────────────────────────────┼─────────────┼──────────────┤
│ Silu      │ op_44:onnx.Silu                     │ U16         │ U16          │
├───────────┼─────────────────────────────────────┼─────────────┼──────────────┤
│ Silu      │ op_50:onnx.Silu                     │ U16         │ U16          │
├───────────┼─────────────────────────────────────┼─────────────┼──────────────┤
│ Concat    │ /model.18/Concat                    │ U16         │ U16          │
├───────────┼─────────────────────────────────────┼─────────────┼──────────────┤
│ Conv      │ /model.23/one2one_cv2.0/one2one_cv… │ U16         │ U16          │
├───────────┼─────────────────────────────────────┼─────────────┼──────────────┤
│ Conv      │ /model.23/one2one_cv3.0/one2one_cv… │ U16         │ U16          │
├───────────┼─────────────────────────────────────┼─────────────┼──────────────┤
│ Conv      │ /model.19/cv1/conv/Conv             │ U16         │ U16          │
├───────────┼─────────────────────────────────────┼─────────────┼──────────────┤
│ Silu      │ op_45:onnx.Silu                     │ U16         │ U16          │
├───────────┼─────────────────────────────────────┼─────────────┼──────────────┤
│ Silu      │ op_51:onnx.Silu                     │ U16         │ U16          │
├───────────┼─────────────────────────────────────┼─────────────┼──────────────┤
│ Silu      │ op_25:onnx.Silu                     │ U16         │ U16          │
├───────────┼─────────────────────────────────────┼─────────────┼──────────────┤
│ Conv      │ /model.23/one2one_cv2.0/one2one_cv… │ U16         │ U16          │
├───────────┼─────────────────────────────────────┼─────────────┼──────────────┤
│ Conv      │ /model.23/one2one_cv3.0/one2one_cv… │ U16         │ U16          │
├───────────┼─────────────────────────────────────┼─────────────┼──────────────┤
│ Slice     │ /model.19/Slice                     │ U16         │ U16          │
├───────────┼─────────────────────────────────────┼─────────────┼──────────────┤
│ Slice     │ /model.19/Slice_1                   │ U16         │ U16          │
├───────────┼─────────────────────────────────────┼─────────────┼──────────────┤
│ Silu      │ op_52:onnx.Silu                     │ U16         │ U16          │
├───────────┼─────────────────────────────────────┼─────────────┼──────────────┤
│ Conv      │ /model.23/one2one_cv3.0/one2one_cv… │ U16         │ U16          │
├───────────┼─────────────────────────────────────┼─────────────┼──────────────┤
│ Silu      │ op_53:onnx.Silu                     │ U16         │ U16          │
├───────────┼─────────────────────────────────────┼─────────────┼──────────────┤
│ Conv      │ /model.23/one2one_cv3.0/one2one_cv… │ U16         │ U16          │
├───────────┼─────────────────────────────────────┼─────────────┼──────────────┤
│ Concat    │ /model.23/Concat                    │ U16         │ U16          │
├───────────┼─────────────────────────────────────┼─────────────┼──────────────┤
│ Conv      │ /model.19/m.0/cv1/conv/Conv         │ U16         │ U16          │
├───────────┼─────────────────────────────────────┼─────────────┼──────────────┤
│ Silu      │ op_27:onnx.Silu                     │ U16         │ U16          │
├───────────┼─────────────────────────────────────┼─────────────┼──────────────┤
│ Conv      │ /model.19/m.0/m/m.0/cv1/conv/Conv   │ U16         │ U16          │
├───────────┼─────────────────────────────────────┼─────────────┼──────────────┤
│ Silu      │ op_30:onnx.Silu                     │ U16         │ U16          │
├───────────┼─────────────────────────────────────┼─────────────┼──────────────┤
│ Conv      │ /model.19/m.0/m/m.0/cv2/conv/Conv   │ U16         │ U16          │
├───────────┼─────────────────────────────────────┼─────────────┼──────────────┤
│ Silu      │ op_31:onnx.Silu                     │ U16         │ U16          │
├───────────┼─────────────────────────────────────┼─────────────┼──────────────┤
│ Add       │ /model.19/m.0/m/m.0/Add             │ U16         │ U16          │
├───────────┼─────────────────────────────────────┼─────────────┼──────────────┤
│ Conv      │ /model.19/m.0/m/m.1/cv1/conv/Conv   │ U16         │ U16          │
├───────────┼─────────────────────────────────────┼─────────────┼──────────────┤
│ Silu      │ op_32:onnx.Silu                     │ U16         │ U16          │
├───────────┼─────────────────────────────────────┼─────────────┼──────────────┤
│ Conv      │ /model.19/m.0/m/m.1/cv2/conv/Conv   │ U16         │ U16          │
├───────────┼─────────────────────────────────────┼─────────────┼──────────────┤
│ Silu      │ op_33:onnx.Silu                     │ U16         │ U16          │
├───────────┼─────────────────────────────────────┼─────────────┼──────────────┤
│ Add       │ /model.19/m.0/m/m.1/Add             │ U16         │ U16          │
├───────────┼─────────────────────────────────────┼─────────────┼──────────────┤
│ Conv      │ /model.19/m.0/cv2/conv/Conv         │ U16         │ U16          │
├───────────┼─────────────────────────────────────┼─────────────┼──────────────┤
│ Silu      │ op_28:onnx.Silu                     │ U16         │ U16          │
├───────────┼─────────────────────────────────────┼─────────────┼──────────────┤
│ Concat    │ /model.19/m.0/Concat                │ U16         │ U16          │
├───────────┼─────────────────────────────────────┼─────────────┼──────────────┤
│ Conv      │ /model.19/m.0/cv3/conv/Conv         │ U16         │ U16          │
├───────────┼─────────────────────────────────────┼─────────────┼──────────────┤
│ Silu      │ op_29:onnx.Silu                     │ U16         │ U16          │
├───────────┼─────────────────────────────────────┼─────────────┼──────────────┤
│ Concat    │ /model.19/Concat                    │ U16         │ U16          │
├───────────┼─────────────────────────────────────┼─────────────┼──────────────┤
│ Conv      │ /model.19/cv2/conv/Conv             │ U16         │ U16          │
├───────────┼─────────────────────────────────────┼─────────────┼──────────────┤
│ Silu      │ op_26:onnx.Silu                     │ U16         │ U16          │
├───────────┼─────────────────────────────────────┼─────────────┼──────────────┤
│ Conv      │ /model.20/conv/Conv                 │ U16         │ U16          │
├───────────┼─────────────────────────────────────┼─────────────┼──────────────┤
│ Conv      │ /model.23/one2one_cv2.1/one2one_cv… │ U16         │ U16          │
├───────────┼─────────────────────────────────────┼─────────────┼──────────────┤
│ Conv      │ /model.23/one2one_cv3.1/one2one_cv… │ U16         │ U16          │
├───────────┼─────────────────────────────────────┼─────────────┼──────────────┤
│ Silu      │ op_38:onnx.Silu                     │ U16         │ U16          │
├───────────┼─────────────────────────────────────┼─────────────┼──────────────┤
│ Silu      │ op_46:onnx.Silu                     │ U16         │ U16          │
├───────────┼─────────────────────────────────────┼─────────────┼──────────────┤
│ Silu      │ op_54:onnx.Silu                     │ U16         │ U16          │
├───────────┼─────────────────────────────────────┼─────────────┼──────────────┤
│ Concat    │ /model.21/Concat                    │ U16         │ U16          │
├───────────┼─────────────────────────────────────┼─────────────┼──────────────┤
│ Conv      │ /model.23/one2one_cv2.1/one2one_cv… │ U16         │ U16          │
├───────────┼─────────────────────────────────────┼─────────────┼──────────────┤
│ Conv      │ /model.23/one2one_cv3.1/one2one_cv… │ U16         │ U16          │
├───────────┼─────────────────────────────────────┼─────────────┼──────────────┤
│ Conv      │ /model.22/cv1/conv/Conv             │ U16         │ U16          │
├───────────┼─────────────────────────────────────┼─────────────┼──────────────┤
│ Silu      │ op_47:onnx.Silu                     │ U16         │ U16          │
├───────────┼─────────────────────────────────────┼─────────────┼──────────────┤
│ Silu      │ op_55:onnx.Silu                     │ U16         │ U16          │
├───────────┼─────────────────────────────────────┼─────────────┼──────────────┤
│ Silu      │ op_39:onnx.Silu                     │ U16         │ U16          │
├───────────┼─────────────────────────────────────┼─────────────┼──────────────┤
│ Conv      │ /model.23/one2one_cv2.1/one2one_cv… │ U16         │ U16          │
├───────────┼─────────────────────────────────────┼─────────────┼──────────────┤
│ Conv      │ /model.23/one2one_cv3.1/one2one_cv… │ U16         │ U16          │
├───────────┼─────────────────────────────────────┼─────────────┼──────────────┤
│ Slice     │ /model.22/Slice                     │ U16         │ U16          │
├───────────┼─────────────────────────────────────┼─────────────┼──────────────┤
│ Slice     │ /model.22/Slice_1                   │ U16         │ U16          │
├───────────┼─────────────────────────────────────┼─────────────┼──────────────┤
│ Silu      │ op_56:onnx.Silu                     │ U16         │ U16          │
├───────────┼─────────────────────────────────────┼─────────────┼──────────────┤
│ Conv      │ /model.23/one2one_cv3.1/one2one_cv… │ U16         │ U16          │
├───────────┼─────────────────────────────────────┼─────────────┼──────────────┤
│ Silu      │ op_57:onnx.Silu                     │ U16         │ U16          │
├───────────┼─────────────────────────────────────┼─────────────┼──────────────┤
│ Conv      │ /model.23/one2one_cv3.1/one2one_cv… │ U16         │ U16          │
├───────────┼─────────────────────────────────────┼─────────────┼──────────────┤
│ Concat    │ /model.23/Concat_1                  │ U16         │ U16          │
├───────────┼─────────────────────────────────────┼─────────────┼──────────────┤
│ Conv      │ /model.22/m.0/m.0.0/cv1/conv/Conv   │ U16         │ U16          │
├───────────┼─────────────────────────────────────┼─────────────┼──────────────┤
│ Silu      │ op_41:onnx.Silu                     │ U16         │ U16          │
├───────────┼─────────────────────────────────────┼─────────────┼──────────────┤
│ Conv      │ /model.22/m.0/m.0.0/cv2/conv/Conv   │ U16         │ U16          │
├───────────┼─────────────────────────────────────┼─────────────┼──────────────┤
│ Silu      │ op_42:onnx.Silu                     │ U16         │ U16          │
├───────────┼─────────────────────────────────────┼─────────────┼──────────────┤
│ Add       │ /model.22/m.0/m.0.0/Add             │ U16         │ U16          │
├───────────┼─────────────────────────────────────┼─────────────┼──────────────┤
│ Conv      │ /model.22/m.0/m.0.1/attn/qkv/conv/… │ U16         │ U16          │
├───────────┼─────────────────────────────────────┼─────────────┼──────────────┤
│ Reshape   │ /model.22/m.0/m.0.1/attn/Reshape    │ U16         │ U16          │
├───────────┼─────────────────────────────────────┼─────────────┼──────────────┤
│ Split     │ /model.22/m.0/m.0.1/attn/Split      │ U16         │ U16          │
├───────────┼─────────────────────────────────────┼─────────────┼──────────────┤
│ Mul       │ /model.22/m.0/m.0.1/attn/Mul        │ U16         │ U16          │
├───────────┼─────────────────────────────────────┼─────────────┼──────────────┤
│ Transpose │ /model.22/m.0/m.0.1/attn/Transpose  │ U16         │ U16          │
├───────────┼─────────────────────────────────────┼─────────────┼──────────────┤
│ MatMul    │ /model.22/m.0/m.0.1/attn/MatMul     │ U16         │ U16          │
├───────────┼─────────────────────────────────────┼─────────────┼──────────────┤
│ Softmax   │ /model.22/m.0/m.0.1/attn/Softmax    │ U16         │ U16          │
├───────────┼─────────────────────────────────────┼─────────────┼──────────────┤
│ Transpose │ /model.22/m.0/m.0.1/attn/Transpose… │ U16         │ U16          │
├───────────┼─────────────────────────────────────┼─────────────┼──────────────┤
│ MatMul    │ /model.22/m.0/m.0.1/attn/MatMul_1   │ U16         │ U16          │
├───────────┼─────────────────────────────────────┼─────────────┼──────────────┤
│ Reshape   │ /model.22/m.0/m.0.1/attn/Reshape_1  │ U16         │ U16          │
├───────────┼─────────────────────────────────────┼─────────────┼──────────────┤
│ Reshape   │ /model.22/m.0/m.0.1/attn/Reshape_2  │ U16         │ U16          │
├───────────┼─────────────────────────────────────┼─────────────┼──────────────┤
│ Conv      │ /model.22/m.0/m.0.1/attn/pe/conv/C… │ U16         │ U16          │
├───────────┼─────────────────────────────────────┼─────────────┼──────────────┤
│ Add       │ /model.22/m.0/m.0.1/attn/Add        │ U16         │ U16          │
├───────────┼─────────────────────────────────────┼─────────────┼──────────────┤
│ Conv      │ /model.22/m.0/m.0.1/attn/proj/conv… │ U16         │ U16          │
├───────────┼─────────────────────────────────────┼─────────────┼──────────────┤
│ Add       │ /model.22/m.0/m.0.1/Add             │ U16         │ U16          │
├───────────┼─────────────────────────────────────┼─────────────┼──────────────┤
│ Conv      │ /model.22/m.0/m.0.1/ffn/ffn.0/conv… │ U16         │ U16          │
├───────────┼─────────────────────────────────────┼─────────────┼──────────────┤
│ Silu      │ op_43:onnx.Silu                     │ U16         │ U16          │
├───────────┼─────────────────────────────────────┼─────────────┼──────────────┤
│ Conv      │ /model.22/m.0/m.0.1/ffn/ffn.1/conv… │ U16         │ U16          │
├───────────┼─────────────────────────────────────┼─────────────┼──────────────┤
│ Add       │ /model.22/m.0/m.0.1/Add_1           │ U16         │ U16          │
├───────────┼─────────────────────────────────────┼─────────────┼──────────────┤
│ Concat    │ /model.22/Concat                    │ U16         │ U16          │
├───────────┼─────────────────────────────────────┼─────────────┼──────────────┤
│ Conv      │ /model.22/cv2/conv/Conv             │ U16         │ U16          │
├───────────┼─────────────────────────────────────┼─────────────┼──────────────┤
│ Silu      │ op_40:onnx.Silu                     │ U16         │ U16          │
├───────────┼─────────────────────────────────────┼─────────────┼──────────────┤
│ Conv      │ /model.23/one2one_cv2.2/one2one_cv… │ U16         │ U16          │
├───────────┼─────────────────────────────────────┼─────────────┼──────────────┤
│ Conv      │ /model.23/one2one_cv3.2/one2one_cv… │ U16         │ U16          │
├───────────┼─────────────────────────────────────┼─────────────┼──────────────┤
│ Silu      │ op_48:onnx.Silu                     │ U16         │ U16          │
├───────────┼─────────────────────────────────────┼─────────────┼──────────────┤
│ Silu      │ op_58:onnx.Silu                     │ U16         │ U16          │
├───────────┼─────────────────────────────────────┼─────────────┼──────────────┤
│ Conv      │ /model.23/one2one_cv2.2/one2one_cv… │ U16         │ U16          │
├───────────┼─────────────────────────────────────┼─────────────┼──────────────┤
│ Conv      │ /model.23/one2one_cv3.2/one2one_cv… │ U16         │ U16          │
├───────────┼─────────────────────────────────────┼─────────────┼──────────────┤
│ Silu      │ op_49:onnx.Silu                     │ U16         │ U16          │
├───────────┼─────────────────────────────────────┼─────────────┼──────────────┤
│ Silu      │ op_59:onnx.Silu                     │ U16         │ U16          │
├───────────┼─────────────────────────────────────┼─────────────┼──────────────┤
│ Conv      │ /model.23/one2one_cv2.2/one2one_cv… │ U16         │ U16          │
├───────────┼─────────────────────────────────────┼─────────────┼──────────────┤
│ Conv      │ /model.23/one2one_cv3.2/one2one_cv… │ U16         │ U16          │
├───────────┼─────────────────────────────────────┼─────────────┼──────────────┤
│ Silu      │ op_60:onnx.Silu                     │ U16         │ U16          │
├───────────┼─────────────────────────────────────┼─────────────┼──────────────┤
│ Conv      │ /model.23/one2one_cv3.2/one2one_cv… │ U16         │ U16          │
├───────────┼─────────────────────────────────────┼─────────────┼──────────────┤
│ Silu      │ op_61:onnx.Silu                     │ U16         │ U16          │
├───────────┼─────────────────────────────────────┼─────────────┼──────────────┤
│ Conv      │ /model.23/one2one_cv3.2/one2one_cv… │ U16         │ U16          │
├───────────┼─────────────────────────────────────┼─────────────┼──────────────┤
│ Concat    │ /model.23/Concat_2                  │ U16         │ U16          │
└───────────┴─────────────────────────────────────┴─────────────┴──────────────┘
Transformer optimize level: 0
Statistics Inf tensor:   0%|          | 0/1 [00:00<?, ?it/s]Statistics Inf tensor: 100%|██████████| 1/1 [00:00<00:00,  2.06it/s]Statistics Inf tensor: 100%|██████████| 1/1 [00:00<00:00,  2.06it/s]
[12:09:02] AX Set Float Op Table Pass Running ...         
[12:09:02] AX Outlier Recode Pass Running ...             
Get Outlier Progress:   0%|          | 0/100 [00:00<?, ?it/s]Get Outlier Progress:   1%|          | 1/100 [00:00<00:30,  3.22it/s]Get Outlier Progress:   2%|▏         | 2/100 [00:00<00:30,  3.24it/s]Get Outlier Progress:   3%|▎         | 3/100 [00:00<00:29,  3.25it/s]Get Outlier Progress:   4%|▍         | 4/100 [00:01<00:30,  3.19it/s]Get Outlier Progress:   5%|▌         | 5/100 [00:01<00:29,  3.17it/s]Get Outlier Progress:   6%|▌         | 6/100 [00:01<00:29,  3.17it/s]Get Outlier Progress:   7%|▋         | 7/100 [00:02<00:29,  3.15it/s]Get Outlier Progress:   8%|▊         | 8/100 [00:02<00:29,  3.15it/s]Get Outlier Progress:   9%|▉         | 9/100 [00:02<00:28,  3.19it/s]Get Outlier Progress:  10%|█         | 10/100 [00:03<00:28,  3.20it/s]Get Outlier Progress:  11%|█         | 11/100 [00:03<00:27,  3.21it/s]Get Outlier Progress:  12%|█▏        | 12/100 [00:03<00:27,  3.19it/s]Get Outlier Progress:  13%|█▎        | 13/100 [00:04<00:27,  3.15it/s]Get Outlier Progress:  14%|█▍        | 14/100 [00:04<00:27,  3.11it/s]Get Outlier Progress:  15%|█▌        | 15/100 [00:04<00:27,  3.12it/s]Get Outlier Progress:  16%|█▌        | 16/100 [00:05<00:26,  3.11it/s]Get Outlier Progress:  17%|█▋        | 17/100 [00:05<00:26,  3.08it/s]Get Outlier Progress:  18%|█▊        | 18/100 [00:05<00:26,  3.08it/s]Get Outlier Progress:  19%|█▉        | 19/100 [00:06<00:25,  3.14it/s]Get Outlier Progress:  20%|██        | 20/100 [00:06<00:25,  3.15it/s]Get Outlier Progress:  21%|██        | 21/100 [00:06<00:24,  3.18it/s]Get Outlier Progress:  22%|██▏       | 22/100 [00:06<00:24,  3.21it/s]Get Outlier Progress:  23%|██▎       | 23/100 [00:07<00:24,  3.13it/s]Get Outlier Progress:  24%|██▍       | 24/100 [00:07<00:23,  3.19it/s]Get Outlier Progress:  25%|██▌       | 25/100 [00:07<00:23,  3.23it/s]Get Outlier Progress:  26%|██▌       | 26/100 [00:08<00:22,  3.24it/s]Get Outlier Progress:  27%|██▋       | 27/100 [00:08<00:22,  3.26it/s]Get Outlier Progress:  28%|██▊       | 28/100 [00:08<00:22,  3.25it/s]Get Outlier Progress:  29%|██▉       | 29/100 [00:09<00:21,  3.25it/s]Get Outlier Progress:  30%|███       | 30/100 [00:09<00:21,  3.27it/s]Get Outlier Progress:  31%|███       | 31/100 [00:09<00:21,  3.24it/s]Get Outlier Progress:  32%|███▏      | 32/100 [00:10<00:20,  3.24it/s]Get Outlier Progress:  33%|███▎      | 33/100 [00:10<00:20,  3.28it/s]Get Outlier Progress:  34%|███▍      | 34/100 [00:10<00:20,  3.30it/s]Get Outlier Progress:  35%|███▌      | 35/100 [00:10<00:19,  3.32it/s]Get Outlier Progress:  36%|███▌      | 36/100 [00:11<00:19,  3.28it/s]Get Outlier Progress:  37%|███▋      | 37/100 [00:11<00:19,  3.25it/s]Get Outlier Progress:  38%|███▊      | 38/100 [00:11<00:19,  3.21it/s]Get Outlier Progress:  39%|███▉      | 39/100 [00:12<00:19,  3.20it/s]Get Outlier Progress:  40%|████      | 40/100 [00:12<00:18,  3.19it/s]Get Outlier Progress:  41%|████      | 41/100 [00:12<00:18,  3.19it/s]Get Outlier Progress:  42%|████▏     | 42/100 [00:13<00:18,  3.20it/s]Get Outlier Progress:  43%|████▎     | 43/100 [00:13<00:17,  3.17it/s]Get Outlier Progress:  44%|████▍     | 44/100 [00:13<00:17,  3.16it/s]Get Outlier Progress:  45%|████▌     | 45/100 [00:14<00:17,  3.19it/s]Get Outlier Progress:  46%|████▌     | 46/100 [00:14<00:16,  3.19it/s]Get Outlier Progress:  47%|████▋     | 47/100 [00:14<00:16,  3.18it/s]Get Outlier Progress:  48%|████▊     | 48/100 [00:15<00:16,  3.19it/s]Get Outlier Progress:  49%|████▉     | 49/100 [00:15<00:16,  3.15it/s]Get Outlier Progress:  50%|█████     | 50/100 [00:15<00:16,  3.11it/s]Get Outlier Progress:  51%|█████     | 51/100 [00:16<00:15,  3.10it/s]Get Outlier Progress:  52%|█████▏    | 52/100 [00:16<00:15,  3.10it/s]Get Outlier Progress:  53%|█████▎    | 53/100 [00:16<00:14,  3.15it/s]Get Outlier Progress:  54%|█████▍    | 54/100 [00:16<00:14,  3.18it/s]Get Outlier Progress:  55%|█████▌    | 55/100 [00:17<00:14,  3.20it/s]Get Outlier Progress:  56%|█████▌    | 56/100 [00:17<00:13,  3.19it/s]Get Outlier Progress:  57%|█████▋    | 57/100 [00:17<00:13,  3.18it/s]Get Outlier Progress:  58%|█████▊    | 58/100 [00:18<00:13,  3.18it/s]Get Outlier Progress:  59%|█████▉    | 59/100 [00:18<00:12,  3.19it/s]Get Outlier Progress:  60%|██████    | 60/100 [00:18<00:12,  3.21it/s]Get Outlier Progress:  61%|██████    | 61/100 [00:19<00:12,  3.24it/s]Get Outlier Progress:  62%|██████▏   | 62/100 [00:19<00:11,  3.24it/s]Get Outlier Progress:  63%|██████▎   | 63/100 [00:19<00:11,  3.24it/s]Get Outlier Progress:  64%|██████▍   | 64/100 [00:20<00:11,  3.23it/s]Get Outlier Progress:  65%|██████▌   | 65/100 [00:20<00:10,  3.23it/s]Get Outlier Progress:  66%|██████▌   | 66/100 [00:20<00:10,  3.20it/s]Get Outlier Progress:  67%|██████▋   | 67/100 [00:20<00:10,  3.20it/s]Get Outlier Progress:  68%|██████▊   | 68/100 [00:21<00:10,  3.19it/s]Get Outlier Progress:  69%|██████▉   | 69/100 [00:21<00:09,  3.19it/s]Get Outlier Progress:  70%|███████   | 70/100 [00:21<00:09,  3.21it/s]Get Outlier Progress:  71%|███████   | 71/100 [00:22<00:08,  3.23it/s]Get Outlier Progress:  72%|███████▏  | 72/100 [00:22<00:08,  3.26it/s]Get Outlier Progress:  73%|███████▎  | 73/100 [00:22<00:08,  3.27it/s]Get Outlier Progress:  74%|███████▍  | 74/100 [00:23<00:07,  3.28it/s]Get Outlier Progress:  75%|███████▌  | 75/100 [00:23<00:07,  3.28it/s]Get Outlier Progress:  76%|███████▌  | 76/100 [00:23<00:07,  3.28it/s]Get Outlier Progress:  77%|███████▋  | 77/100 [00:24<00:07,  3.28it/s]Get Outlier Progress:  78%|███████▊  | 78/100 [00:24<00:06,  3.25it/s]Get Outlier Progress:  79%|███████▉  | 79/100 [00:24<00:06,  3.25it/s]Get Outlier Progress:  80%|████████  | 80/100 [00:24<00:06,  3.20it/s]Get Outlier Progress:  81%|████████  | 81/100 [00:25<00:05,  3.18it/s]Get Outlier Progress:  82%|████████▏ | 82/100 [00:25<00:05,  3.12it/s]Get Outlier Progress:  83%|████████▎ | 83/100 [00:25<00:05,  3.11it/s]Get Outlier Progress:  84%|████████▍ | 84/100 [00:26<00:05,  3.13it/s]Get Outlier Progress:  85%|████████▌ | 85/100 [00:26<00:04,  3.15it/s]Get Outlier Progress:  86%|████████▌ | 86/100 [00:26<00:04,  3.14it/s]Get Outlier Progress:  87%|████████▋ | 87/100 [00:27<00:04,  3.07it/s]Get Outlier Progress:  88%|████████▊ | 88/100 [00:27<00:03,  3.07it/s]Get Outlier Progress:  89%|████████▉ | 89/100 [00:27<00:03,  3.12it/s]Get Outlier Progress:  90%|█████████ | 90/100 [00:28<00:03,  3.16it/s]Get Outlier Progress:  91%|█████████ | 91/100 [00:28<00:02,  3.15it/s]Get Outlier Progress:  92%|█████████▏| 92/100 [00:28<00:02,  3.15it/s]Get Outlier Progress:  93%|█████████▎| 93/100 [00:29<00:02,  3.17it/s]Get Outlier Progress:  94%|█████████▍| 94/100 [00:29<00:01,  3.16it/s]Get Outlier Progress:  95%|█████████▌| 95/100 [00:29<00:01,  3.12it/s]Get Outlier Progress:  96%|█████████▌| 96/100 [00:30<00:01,  3.12it/s]Get Outlier Progress:  97%|█████████▋| 97/100 [00:30<00:00,  3.11it/s]Get Outlier Progress:  98%|█████████▊| 98/100 [00:30<00:00,  3.11it/s]Get Outlier Progress:  99%|█████████▉| 99/100 [00:31<00:00,  3.08it/s]Get Outlier Progress: 100%|██████████| 100/100 [00:31<00:00,  3.14it/s]Get Outlier Progress: 100%|██████████| 100/100 [00:31<00:00,  3.18it/s]


    Ratio of outliers in tensor【 level=Log(Max_Pertensor/Max_Perchannel) 】    
┏━━━━━━━━━━━━┳━━━━━━━━━━━━┳━━━━━━━━━━━━┳━━━━━━━━━━━━┳━━━━━━━━━━━━┳━━━━━━━━━━━━━┓
┃            ┃ Sparse     ┃            ┃            ┃            ┃             ┃
┃            ┃ channel    ┃ level>=3   ┃ level>=4   ┃ level>=5   ┃ level>=6    ┃
┃ Op outputs ┃ ratio      ┃ ratio      ┃ ratio      ┃ ratio      ┃ ratio       ┃
┡━━━━━━━━━━━━╇━━━━━━━━━━━━╇━━━━━━━━━━━━╇━━━━━━━━━━━━╇━━━━━━━━━━━━╇━━━━━━━━━━━━━┩
│ /model.2/… │ 0.0        │ 0.0625     │ 0.0        │ 0.0        │ 0.0         │
├────────────┼────────────┼────────────┼────────────┼────────────┼─────────────┤
│ /model.16… │ 0.0        │ 0.75       │ 0.203125   │ 0.0        │ 0.0         │
├────────────┼────────────┼────────────┼────────────┼────────────┼─────────────┤
│ /model.23… │ 0.0        │ 0.125      │ 0.0125000… │ 0.0        │ 0.0         │
├────────────┼────────────┼────────────┼────────────┼────────────┼─────────────┤
│ /model.23… │ 0.0        │ 0.6499999… │ 0.0        │ 0.0        │ 0.0         │
├────────────┼────────────┼────────────┼────────────┼────────────┼─────────────┤
│ /model.23… │ 0.0        │ 0.0625     │ 0.0        │ 0.0        │ 0.0         │
├────────────┼────────────┼────────────┼────────────┼────────────┼─────────────┤
│ /model.19… │ 0.0        │ 0.34375    │ 0.0        │ 0.0        │ 0.0         │
├────────────┼────────────┼────────────┼────────────┼────────────┼─────────────┤
│ /model.23… │ 0.0        │ 0.1124999… │ 0.0250000… │ 0.0125000… │ 0.0         │
├────────────┼────────────┼────────────┼────────────┼────────────┼─────────────┤
│ /model.23… │ 0.0        │ 0.7624999… │ 0.1000000… │ 0.0        │ 0.0         │
├────────────┼────────────┼────────────┼────────────┼────────────┼─────────────┤
│ /model.23… │ 0.0        │ 0.9250000… │ 0.8500000… │ 0.0125000… │ 0.0         │
├────────────┼────────────┼────────────┼────────────┼────────────┼─────────────┤
│ /model.22… │ 0.0        │ 0.16015625 │ 0.046875   │ 0.0        │ 0.0         │
├────────────┼────────────┼────────────┼────────────┼────────────┼─────────────┤
│ /model.22… │ 0.0        │ 0.546875   │ 0.0859375  │ 0.01171875 │ 0.0         │
├────────────┼────────────┼────────────┼────────────┼────────────┼─────────────┤
│ /model.23… │ 0.0        │ 0.19140625 │ 0.02734375 │ 0.0        │ 0.0         │
├────────────┼────────────┼────────────┼────────────┼────────────┼─────────────┤
│ /model.23… │ 0.0        │ 0.875      │ 0.6499999… │ 0.0        │ 0.0         │
├────────────┼────────────┼────────────┼────────────┼────────────┼─────────────┤
│ /model.23… │ 0.0        │ 0.9125000… │ 0.2750000… │ 0.0        │ 0.0         │
└────────────┴────────────┴────────────┴────────────┴────────────┴─────────────┘
[12:09:34] AX Set MixPrecision Pass Running ...           
[12:09:34] AX Set LN Quant dtype Quant Pass Running ...   
[12:09:34] AX Refine Operation Config Pass Running ...    
[12:09:34] AX Tanh Operation Format Pass Running ...      
[12:09:34] AX Confused Op Refine Pass Running ...         
[12:09:35] AX Quantization Fusion Pass Running ...        
[12:09:35] AX Quantization Simplify Pass Running ...      
[12:09:35] AX Parameter Quantization Pass Running ...     
[12:09:36] AX Runtime Calibration Pass Running ...        
Calibration Progress(Phase 1):   0%|          | 0/100 [00:00<?, ?it/s]Calibration Progress(Phase 1):   1%|          | 1/100 [00:00<01:01,  1.61it/s]Calibration Progress(Phase 1):   2%|▏         | 2/100 [00:01<01:00,  1.61it/s]Calibration Progress(Phase 1):   3%|▎         | 3/100 [00:01<00:59,  1.63it/s]Calibration Progress(Phase 1):   4%|▍         | 4/100 [00:02<00:58,  1.64it/s]Calibration Progress(Phase 1):   5%|▌         | 5/100 [00:03<00:59,  1.60it/s]Calibration Progress(Phase 1):   6%|▌         | 6/100 [00:03<00:58,  1.59it/s]Calibration Progress(Phase 1):   7%|▋         | 7/100 [00:04<00:57,  1.61it/s]Calibration Progress(Phase 1):   8%|▊         | 8/100 [00:04<00:57,  1.60it/s]Calibration Progress(Phase 1):   9%|▉         | 9/100 [00:05<00:56,  1.61it/s]Calibration Progress(Phase 1):  10%|█         | 10/100 [00:06<00:55,  1.61it/s]Calibration Progress(Phase 1):  11%|█         | 11/100 [00:06<00:54,  1.63it/s]Calibration Progress(Phase 1):  12%|█▏        | 12/100 [00:07<00:53,  1.63it/s]Calibration Progress(Phase 1):  13%|█▎        | 13/100 [00:08<00:53,  1.64it/s]Calibration Progress(Phase 1):  14%|█▍        | 14/100 [00:08<00:52,  1.64it/s]Calibration Progress(Phase 1):  15%|█▌        | 15/100 [00:09<00:51,  1.64it/s]Calibration Progress(Phase 1):  16%|█▌        | 16/100 [00:09<00:51,  1.63it/s]Calibration Progress(Phase 1):  17%|█▋        | 17/100 [00:10<00:50,  1.63it/s]Calibration Progress(Phase 1):  18%|█▊        | 18/100 [00:11<00:50,  1.62it/s]Calibration Progress(Phase 1):  19%|█▉        | 19/100 [00:11<00:49,  1.64it/s]Calibration Progress(Phase 1):  20%|██        | 20/100 [00:12<00:49,  1.63it/s]Calibration Progress(Phase 1):  21%|██        | 21/100 [00:12<00:48,  1.62it/s]Calibration Progress(Phase 1):  22%|██▏       | 22/100 [00:13<00:48,  1.62it/s]Calibration Progress(Phase 1):  23%|██▎       | 23/100 [00:14<00:48,  1.60it/s]Calibration Progress(Phase 1):  24%|██▍       | 24/100 [00:14<00:47,  1.59it/s]Calibration Progress(Phase 1):  25%|██▌       | 25/100 [00:15<00:47,  1.59it/s]Calibration Progress(Phase 1):  26%|██▌       | 26/100 [00:16<00:46,  1.58it/s]Calibration Progress(Phase 1):  27%|██▋       | 27/100 [00:16<00:45,  1.59it/s]Calibration Progress(Phase 1):  28%|██▊       | 28/100 [00:17<00:45,  1.59it/s]Calibration Progress(Phase 1):  29%|██▉       | 29/100 [00:17<00:44,  1.59it/s]Calibration Progress(Phase 1):  30%|███       | 30/100 [00:18<00:43,  1.60it/s]Calibration Progress(Phase 1):  31%|███       | 31/100 [00:19<00:42,  1.61it/s]Calibration Progress(Phase 1):  32%|███▏      | 32/100 [00:19<00:42,  1.61it/s]Calibration Progress(Phase 1):  33%|███▎      | 33/100 [00:20<00:42,  1.59it/s]Calibration Progress(Phase 1):  34%|███▍      | 34/100 [00:21<00:41,  1.59it/s]Calibration Progress(Phase 1):  35%|███▌      | 35/100 [00:21<00:40,  1.60it/s]Calibration Progress(Phase 1):  36%|███▌      | 36/100 [00:22<00:40,  1.59it/s]Calibration Progress(Phase 1):  37%|███▋      | 37/100 [00:22<00:39,  1.60it/s]Calibration Progress(Phase 1):  38%|███▊      | 38/100 [00:23<00:38,  1.61it/s]Calibration Progress(Phase 1):  39%|███▉      | 39/100 [00:24<00:37,  1.62it/s]Calibration Progress(Phase 1):  40%|████      | 40/100 [00:24<00:36,  1.63it/s]Calibration Progress(Phase 1):  41%|████      | 41/100 [00:25<00:36,  1.61it/s]Calibration Progress(Phase 1):  42%|████▏     | 42/100 [00:26<00:35,  1.61it/s]Calibration Progress(Phase 1):  43%|████▎     | 43/100 [00:26<00:35,  1.62it/s]Calibration Progress(Phase 1):  44%|████▍     | 44/100 [00:27<00:34,  1.61it/s]Calibration Progress(Phase 1):  45%|████▌     | 45/100 [00:27<00:34,  1.61it/s]Calibration Progress(Phase 1):  46%|████▌     | 46/100 [00:28<00:33,  1.60it/s]Calibration Progress(Phase 1):  47%|████▋     | 47/100 [00:29<00:33,  1.60it/s]Calibration Progress(Phase 1):  48%|████▊     | 48/100 [00:29<00:32,  1.60it/s]Calibration Progress(Phase 1):  49%|████▉     | 49/100 [00:30<00:31,  1.60it/s]Calibration Progress(Phase 1):  50%|█████     | 50/100 [00:31<00:31,  1.60it/s]Calibration Progress(Phase 1):  51%|█████     | 51/100 [00:31<00:30,  1.61it/s]Calibration Progress(Phase 1):  52%|█████▏    | 52/100 [00:32<00:29,  1.60it/s]Calibration Progress(Phase 1):  53%|█████▎    | 53/100 [00:32<00:29,  1.58it/s]Calibration Progress(Phase 1):  54%|█████▍    | 54/100 [00:33<00:29,  1.57it/s]Calibration Progress(Phase 1):  55%|█████▌    | 55/100 [00:34<00:28,  1.57it/s]Calibration Progress(Phase 1):  56%|█████▌    | 56/100 [00:34<00:27,  1.58it/s]Calibration Progress(Phase 1):  57%|█████▋    | 57/100 [00:35<00:27,  1.59it/s]Calibration Progress(Phase 1):  58%|█████▊    | 58/100 [00:36<00:26,  1.61it/s]Calibration Progress(Phase 1):  59%|█████▉    | 59/100 [00:36<00:25,  1.62it/s]Calibration Progress(Phase 1):  60%|██████    | 60/100 [00:37<00:24,  1.61it/s]Calibration Progress(Phase 1):  61%|██████    | 61/100 [00:37<00:24,  1.59it/s]Calibration Progress(Phase 1):  62%|██████▏   | 62/100 [00:38<00:24,  1.57it/s]Calibration Progress(Phase 1):  63%|██████▎   | 63/100 [00:39<00:23,  1.56it/s]Calibration Progress(Phase 1):  64%|██████▍   | 64/100 [00:39<00:23,  1.55it/s]Calibration Progress(Phase 1):  65%|██████▌   | 65/100 [00:40<00:22,  1.56it/s]Calibration Progress(Phase 1):  66%|██████▌   | 66/100 [00:41<00:21,  1.57it/s]Calibration Progress(Phase 1):  67%|██████▋   | 67/100 [00:41<00:20,  1.57it/s]Calibration Progress(Phase 1):  68%|██████▊   | 68/100 [00:42<00:20,  1.57it/s]Calibration Progress(Phase 1):  69%|██████▉   | 69/100 [00:43<00:19,  1.56it/s]Calibration Progress(Phase 1):  70%|███████   | 70/100 [00:43<00:19,  1.57it/s]Calibration Progress(Phase 1):  71%|███████   | 71/100 [00:44<00:18,  1.57it/s]Calibration Progress(Phase 1):  72%|███████▏  | 72/100 [00:45<00:17,  1.58it/s]Calibration Progress(Phase 1):  73%|███████▎  | 73/100 [00:45<00:16,  1.59it/s]Calibration Progress(Phase 1):  74%|███████▍  | 74/100 [00:46<00:16,  1.59it/s]Calibration Progress(Phase 1):  75%|███████▌  | 75/100 [00:46<00:15,  1.61it/s]Calibration Progress(Phase 1):  76%|███████▌  | 76/100 [00:47<00:14,  1.63it/s]Calibration Progress(Phase 1):  77%|███████▋  | 77/100 [00:48<00:14,  1.64it/s]Calibration Progress(Phase 1):  78%|███████▊  | 78/100 [00:48<00:13,  1.64it/s]Calibration Progress(Phase 1):  79%|███████▉  | 79/100 [00:49<00:12,  1.63it/s]Calibration Progress(Phase 1):  80%|████████  | 80/100 [00:49<00:12,  1.64it/s]Calibration Progress(Phase 1):  81%|████████  | 81/100 [00:50<00:11,  1.66it/s]Calibration Progress(Phase 1):  82%|████████▏ | 82/100 [00:51<00:10,  1.67it/s]Calibration Progress(Phase 1):  83%|████████▎ | 83/100 [00:51<00:10,  1.68it/s]Calibration Progress(Phase 1):  84%|████████▍ | 84/100 [00:52<00:09,  1.68it/s]Calibration Progress(Phase 1):  85%|████████▌ | 85/100 [00:52<00:08,  1.69it/s]Calibration Progress(Phase 1):  86%|████████▌ | 86/100 [00:53<00:08,  1.69it/s]Calibration Progress(Phase 1):  87%|████████▋ | 87/100 [00:54<00:07,  1.67it/s]Calibration Progress(Phase 1):  88%|████████▊ | 88/100 [00:54<00:07,  1.67it/s]Calibration Progress(Phase 1):  89%|████████▉ | 89/100 [00:55<00:06,  1.59it/s]Calibration Progress(Phase 1):  90%|█████████ | 90/100 [00:55<00:06,  1.61it/s]Calibration Progress(Phase 1):  91%|█████████ | 91/100 [00:56<00:05,  1.63it/s]Calibration Progress(Phase 1):  92%|█████████▏| 92/100 [00:57<00:04,  1.63it/s]Calibration Progress(Phase 1):  93%|█████████▎| 93/100 [00:57<00:04,  1.65it/s]Calibration Progress(Phase 1):  94%|█████████▍| 94/100 [00:58<00:03,  1.66it/s]Calibration Progress(Phase 1):  95%|█████████▌| 95/100 [00:58<00:03,  1.66it/s]Calibration Progress(Phase 1):  96%|█████████▌| 96/100 [00:59<00:02,  1.66it/s]Calibration Progress(Phase 1):  97%|█████████▋| 97/100 [01:00<00:01,  1.63it/s]Calibration Progress(Phase 1):  98%|█████████▊| 98/100 [01:00<00:01,  1.65it/s]Calibration Progress(Phase 1):  99%|█████████▉| 99/100 [01:01<00:00,  1.67it/s]Calibration Progress(Phase 1): 100%|██████████| 100/100 [01:01<00:00,  1.67it/s]Calibration Progress(Phase 1): 100%|██████████| 100/100 [01:01<00:00,  1.61it/s]
[12:10:38] AX Quantization Alignment Pass Running ...     
[12:10:38] AX Refine Int Parameter Pass Running ...       
[12:10:38] AX Refine Scale Pass Running ...               
[12:10:38] AX Passive Parameter Quantization Running ...  
[12:10:38] AX Parameter Baking Pass Running ...           
--------- Network Snapshot ---------
Num of Op:                    [273]
Num of Quantized Op:          [273]
Num of Variable:              [546]
Num of Quantized Var:         [546]
------- Quantization Snapshot ------
Num of Quant Config:          [874]
BAKED:                        [104]
OVERLAPPED:                   [359]
ACTIVATED:                    [248]
SOI:                          [61]
PASSIVE_BAKED:                [102]
Network Quantization Finished.
Do quant optimization
quant.axmodel export success: 
	/workspace/build/u16/quant/quant_axmodel.onnx
	/workspace/build/u16/quant/quant_axmodel.data
===>export debug_data to folder: ../build/u16/quant/debug/numpy/float
===>export io data to folder: ../build/u16/quant/debug/io
Building native ━━━━━━━━━━━━━━━━━━━━━━━━━━━━━━━━━━━━━━━━ 100% 0:00:00
                  Quant Precision Table【EndToEnd Reference】                   
┏━━━━━━━━━┳━━━━━━━━━━┳━━━━━━━━━┳━━━━━━━━━━┳━━━━━━━┳━━━━━━━━┳━━━━━━━━━┳━━━━━━━━━┓
┃         ┃          ┃ Output  ┃          ┃       ┃        ┃         ┃         ┃
┃ Operat… ┃   Type   ┃ Tensor  ┃  Shape   ┃ DType ┃ QDType ┃ Cosin   ┃ MSE     ┃
┡━━━━━━━━━╇━━━━━━━━━━╇━━━━━━━━━╇━━━━━━━━━━╇━━━━━━━╇━━━━━━━━╇━━━━━━━━━╇━━━━━━━━━┩
│ /model… │ AxQuant… │ /model… │ (1, 16,  │ FP32  │  U16   │ 0.99992 │ 0.00925 │
│         │          │         │   320,   │       │        │         │         │
│         │          │         │   320)   │       │        │         │         │
├─────────┼──────────┼─────────┼──────────┼───────┼────────┼─────────┼─────────┤
│ op_1:o… │ AxQuant… │ /model… │ (1, 16,  │ FP32  │  U16   │ 0.99995 │ 0.00309 │
│         │          │         │   320,   │       │        │         │         │
│         │          │         │   320)   │       │        │         │         │
├─────────┼──────────┼─────────┼──────────┼───────┼────────┼─────────┼─────────┤
│ /model… │ AxQuant… │ /model… │ (1, 32,  │ FP32  │  U16   │ 0.99976 │ 0.01576 │
│         │          │         │   160,   │       │        │         │         │
│         │          │         │   160)   │       │        │         │         │
├─────────┼──────────┼─────────┼──────────┼───────┼────────┼─────────┼─────────┤
│ op_2:o… │ AxQuant… │ /model… │ (1, 32,  │ FP32  │  U16   │ 0.99975 │ 0.01074 │
│         │          │         │   160,   │       │        │         │         │
│         │          │         │   160)   │       │        │         │         │
├─────────┼──────────┼─────────┼──────────┼───────┼────────┼─────────┼─────────┤
│ /model… │ AxQuant… │ /model… │ (1, 32,  │ FP32  │  U16   │ 0.99961 │ 0.01709 │
│         │          │         │   160,   │       │        │         │         │
│         │          │         │   160)   │       │        │         │         │
├─────────┼──────────┼─────────┼──────────┼───────┼────────┼─────────┼─────────┤
│ op_34:… │ AxQuant… │ /model… │ (1, 32,  │ FP32  │  U16   │ 0.99957 │ 0.00943 │
│         │          │         │   160,   │       │        │         │         │
│         │          │         │   160)   │       │        │         │         │
├─────────┼──────────┼─────────┼──────────┼───────┼────────┼─────────┼─────────┤
│ /model… │ AxSlice  │ /model… │ (1, 16,  │ FP32  │  U16   │ 0.99957 │ 0.01202 │
│         │          │         │   160,   │       │        │         │         │
│         │          │         │   160)   │       │        │         │         │
├─────────┼──────────┼─────────┼──────────┼───────┼────────┼─────────┼─────────┤
│ /model… │ AxSlice  │ /model… │ (1, 16,  │ FP32  │  U16   │ 0.99960 │ 0.00683 │
│         │          │         │   160,   │       │        │         │         │
│         │          │         │   160)   │       │        │         │         │
├─────────┼──────────┼─────────┼──────────┼───────┼────────┼─────────┼─────────┤
│ /model… │ AxQuant… │ /model… │  (1, 8,  │ FP32  │  U16   │ 0.99961 │ 0.00027 │
│         │          │         │   160,   │       │        │         │         │
│         │          │         │   160)   │       │        │         │         │
├─────────┼──────────┼─────────┼──────────┼───────┼────────┼─────────┼─────────┤
│ op_36:… │ AxQuant… │ /model… │  (1, 8,  │ FP32  │  U16   │ 0.99960 │ 0.00005 │
│         │          │         │   160,   │       │        │         │         │
│         │          │         │   160)   │       │        │         │         │
├─────────┼──────────┼─────────┼──────────┼───────┼────────┼─────────┼─────────┤
│ /model… │ AxQuant… │ /model… │ (1, 16,  │ FP32  │  U16   │ 0.99948 │ 0.02055 │
│         │          │         │   160,   │       │        │         │         │
│         │          │         │   160)   │       │        │         │         │
├─────────┼──────────┼─────────┼──────────┼───────┼────────┼─────────┼─────────┤
│ op_37:… │ AxQuant… │ /model… │ (1, 16,  │ FP32  │  U16   │ 0.99955 │ 0.01048 │
│         │          │         │   160,   │       │        │         │         │
│         │          │         │   160)   │       │        │         │         │
├─────────┼──────────┼─────────┼──────────┼───────┼────────┼─────────┼─────────┤
│ /model… │ AxQuant… │ /model… │ (1, 16,  │ FP32  │  U16   │ 0.99970 │ 0.01700 │
│         │          │         │   160,   │       │        │         │         │
│         │          │         │   160)   │       │        │         │         │
├─────────┼──────────┼─────────┼──────────┼───────┼────────┼─────────┼─────────┤
│ /model… │ AxQuant… │ /model… │ (1, 48,  │ FP32  │  U16   │ 0.99964 │ 0.01195 │
│         │          │         │   160,   │       │        │         │         │
│         │          │         │   160)   │       │        │         │         │
├─────────┼──────────┼─────────┼──────────┼───────┼────────┼─────────┼─────────┤
│ /model… │ AxQuant… │ /model… │ (1, 64,  │ FP32  │  U16   │ 0.99947 │ 0.01312 │
│         │          │         │   160,   │       │        │         │         │
│         │          │         │   160)   │       │        │         │         │
├─────────┼──────────┼─────────┼──────────┼───────┼────────┼─────────┼─────────┤
│ op_35:… │ AxQuant… │ /model… │ (1, 64,  │ FP32  │  U16   │ 0.99921 │ 0.00443 │
│         │          │         │   160,   │       │        │         │         │
│         │          │         │   160)   │       │        │         │         │
├─────────┼──────────┼─────────┼──────────┼───────┼────────┼─────────┼─────────┤
│ /model… │ AxQuant… │ /model… │ (1, 64,  │ FP32  │  U16   │ 0.99925 │ 0.00323 │
│         │          │         │ 80, 80)  │       │        │         │         │
├─────────┼──────────┼─────────┼──────────┼───────┼────────┼─────────┼─────────┤
│ op_62:… │ AxQuant… │ /model… │ (1, 64,  │ FP32  │  U16   │ 0.99954 │ 0.00106 │
│         │          │         │ 80, 80)  │       │        │         │         │
├─────────┼──────────┼─────────┼──────────┼───────┼────────┼─────────┼─────────┤
│ /model… │ AxQuant… │ /model… │ (1, 64,  │ FP32  │  U16   │ 0.99932 │ 0.00217 │
│         │          │         │ 80, 80)  │       │        │         │         │
├─────────┼──────────┼─────────┼──────────┼───────┼────────┼─────────┼─────────┤
│ op_63:… │ AxQuant… │ /model… │ (1, 64,  │ FP32  │  U16   │ 0.99936 │ 0.00098 │
│         │          │         │ 80, 80)  │       │        │         │         │
├─────────┼──────────┼─────────┼──────────┼───────┼────────┼─────────┼─────────┤
│ /model… │ AxSlice  │ /model… │ (1, 32,  │ FP32  │  U16   │ 0.99913 │ 0.00149 │
│         │          │         │ 80, 80)  │       │        │         │         │
├─────────┼──────────┼─────────┼──────────┼───────┼────────┼─────────┼─────────┤
│ /model… │ AxSlice  │ /model… │ (1, 32,  │ FP32  │  U16   │ 0.99966 │ 0.00047 │
│         │          │         │ 80, 80)  │       │        │         │         │
├─────────┼──────────┼─────────┼──────────┼───────┼────────┼─────────┼─────────┤
│ /model… │ AxQuant… │ /model… │ (1, 16,  │ FP32  │  U16   │ 0.99968 │ 0.00120 │
│         │          │         │ 80, 80)  │       │        │         │         │
├─────────┼──────────┼─────────┼──────────┼───────┼────────┼─────────┼─────────┤
│ op_65:… │ AxQuant… │ /model… │ (1, 16,  │ FP32  │  U16   │ 0.99973 │ 0.00067 │
│         │          │         │ 80, 80)  │       │        │         │         │
├─────────┼──────────┼─────────┼──────────┼───────┼────────┼─────────┼─────────┤
│ /model… │ AxQuant… │ /model… │ (1, 32,  │ FP32  │  U16   │ 0.99957 │ 0.00237 │
│         │          │         │ 80, 80)  │       │        │         │         │
├─────────┼──────────┼─────────┼──────────┼───────┼────────┼─────────┼─────────┤
│ op_66:… │ AxQuant… │ /model… │ (1, 32,  │ FP32  │  U16   │ 0.99962 │ 0.00153 │
│         │          │         │ 80, 80)  │       │        │         │         │
├─────────┼──────────┼─────────┼──────────┼───────┼────────┼─────────┼─────────┤
│ /model… │ AxQuant… │ /model… │ (1, 32,  │ FP32  │  U16   │ 0.99975 │ 0.00192 │
│         │          │         │ 80, 80)  │       │        │         │         │
├─────────┼──────────┼─────────┼──────────┼───────┼────────┼─────────┼─────────┤
│ /model… │ AxQuant… │ /model… │ (1, 96,  │ FP32  │  U16   │ 0.99964 │ 0.00129 │
│         │          │         │ 80, 80)  │       │        │         │         │
├─────────┼──────────┼─────────┼──────────┼───────┼────────┼─────────┼─────────┤
│ /model… │ AxQuant… │ /model… │ (1, 128, │ FP32  │  U16   │ 0.99910 │ 0.00320 │
│         │          │         │ 80, 80)  │       │        │         │         │
├─────────┼──────────┼─────────┼──────────┼───────┼────────┼─────────┼─────────┤
│ op_64:… │ AxQuant… │ /model… │ (1, 128, │ FP32  │  U16   │ 0.99840 │ 0.00037 │
│         │          │         │ 80, 80)  │       │        │         │         │
├─────────┼──────────┼─────────┼──────────┼───────┼────────┼─────────┼─────────┤
│ /model… │ AxQuant… │ /model… │ (1, 128, │ FP32  │  U16   │ 0.99923 │ 0.00274 │
│         │          │         │ 40, 40)  │       │        │         │         │
├─────────┼──────────┼─────────┼──────────┼───────┼────────┼─────────┼─────────┤
│ op_67:… │ AxQuant… │ /model… │ (1, 128, │ FP32  │  U16   │ 0.99934 │ 0.00090 │
│         │          │         │ 40, 40)  │       │        │         │         │
├─────────┼──────────┼─────────┼──────────┼───────┼────────┼─────────┼─────────┤
│ /model… │ AxQuant… │ /model… │ (1, 128, │ FP32  │  U16   │ 0.99856 │ 0.00377 │
│         │          │         │ 40, 40)  │       │        │         │         │
├─────────┼──────────┼─────────┼──────────┼───────┼────────┼─────────┼─────────┤
│ op_68:… │ AxQuant… │ /model… │ (1, 128, │ FP32  │  U16   │ 0.99870 │ 0.00118 │
│         │          │         │ 40, 40)  │       │        │         │         │
├─────────┼──────────┼─────────┼──────────┼───────┼────────┼─────────┼─────────┤
│ /model… │ AxSlice  │ /model… │ (1, 64,  │ FP32  │  U16   │ 0.99867 │ 0.00139 │
│         │          │         │ 40, 40)  │       │        │         │         │
├─────────┼──────────┼─────────┼──────────┼───────┼────────┼─────────┼─────────┤
│ /model… │ AxSlice  │ /model… │ (1, 64,  │ FP32  │  U16   │ 0.99873 │ 0.00098 │
│         │          │         │ 40, 40)  │       │        │         │         │
├─────────┼──────────┼─────────┼──────────┼───────┼────────┼─────────┼─────────┤
│ /model… │ AxQuant… │ /model… │ (1, 32,  │ FP32  │  U16   │ 0.99902 │ 0.00108 │
│         │          │         │ 40, 40)  │       │        │         │         │
├─────────┼──────────┼─────────┼──────────┼───────┼────────┼─────────┼─────────┤
│ /model… │ AxQuant… │ /model… │ (1, 32,  │ FP32  │  U16   │ 0.99827 │ 0.00736 │
│         │          │         │ 40, 40)  │       │        │         │         │
├─────────┼──────────┼─────────┼──────────┼───────┼────────┼─────────┼─────────┤
│ op_70:… │ AxQuant… │ /model… │ (1, 32,  │ FP32  │  U16   │ 0.99919 │ 0.00037 │
│         │          │         │ 40, 40)  │       │        │         │         │
├─────────┼──────────┼─────────┼──────────┼───────┼────────┼─────────┼─────────┤
│ op_71:… │ AxQuant… │ /model… │ (1, 32,  │ FP32  │  U16   │ 0.99804 │ 0.00243 │
│         │          │         │ 40, 40)  │       │        │         │         │
├─────────┼──────────┼─────────┼──────────┼───────┼────────┼─────────┼─────────┤
│ /model… │ AxQuant… │ /model… │ (1, 32,  │ FP32  │  U16   │ 0.99884 │ 0.00327 │
│         │          │         │ 40, 40)  │       │        │         │         │
├─────────┼──────────┼─────────┼──────────┼───────┼────────┼─────────┼─────────┤
│ op_73:… │ AxQuant… │ /model… │ (1, 32,  │ FP32  │  U16   │ 0.99835 │ 0.00065 │
│         │          │         │ 40, 40)  │       │        │         │         │
├─────────┼──────────┼─────────┼──────────┼───────┼────────┼─────────┼─────────┤
│ /model… │ AxQuant… │ /model… │ (1, 32,  │ FP32  │  U16   │ 0.99915 │ 0.00165 │
│         │          │         │ 40, 40)  │       │        │         │         │
├─────────┼──────────┼─────────┼──────────┼───────┼────────┼─────────┼─────────┤
│ op_74:… │ AxQuant… │ /model… │ (1, 32,  │ FP32  │  U16   │ 0.99909 │ 0.00050 │
│         │          │         │ 40, 40)  │       │        │         │         │
├─────────┼──────────┼─────────┼──────────┼───────┼────────┼─────────┼─────────┤
│ /model… │ AxQuant… │ /model… │ (1, 32,  │ FP32  │  U16   │ 0.99932 │ 0.00081 │
│         │          │         │ 40, 40)  │       │        │         │         │
├─────────┼──────────┼─────────┼──────────┼───────┼────────┼─────────┼─────────┤
│ /model… │ AxQuant… │ /model… │ (1, 32,  │ FP32  │  U16   │ 0.99927 │ 0.00240 │
│         │          │         │ 40, 40)  │       │        │         │         │
├─────────┼──────────┼─────────┼──────────┼───────┼────────┼─────────┼─────────┤
│ op_75:… │ AxQuant… │ /model… │ (1, 32,  │ FP32  │  U16   │ 0.99881 │ 0.00048 │
│         │          │         │ 40, 40)  │       │        │         │         │
├─────────┼──────────┼─────────┼──────────┼───────┼────────┼─────────┼─────────┤
│ /model… │ AxQuant… │ /model… │ (1, 32,  │ FP32  │  U16   │ 0.99951 │ 0.00454 │
│         │          │         │ 40, 40)  │       │        │         │         │
├─────────┼──────────┼─────────┼──────────┼───────┼────────┼─────────┼─────────┤
│ op_76:… │ AxQuant… │ /model… │ (1, 32,  │ FP32  │  U16   │ 0.99959 │ 0.00296 │
│         │          │         │ 40, 40)  │       │        │         │         │
├─────────┼──────────┼─────────┼──────────┼───────┼────────┼─────────┼─────────┤
│ /model… │ AxQuant… │ /model… │ (1, 32,  │ FP32  │  U16   │ 0.99966 │ 0.00391 │
│         │          │         │ 40, 40)  │       │        │         │         │
├─────────┼──────────┼─────────┼──────────┼───────┼────────┼─────────┼─────────┤
│ /model… │ AxQuant… │ /model… │ (1, 64,  │ FP32  │  U16   │ 0.99950 │ 0.00317 │
│         │          │         │ 40, 40)  │       │        │         │         │
├─────────┼──────────┼─────────┼──────────┼───────┼────────┼─────────┼─────────┤
│ /model… │ AxQuant… │ /model… │ (1, 64,  │ FP32  │  U16   │ 0.99893 │ 0.00452 │
│         │          │         │ 40, 40)  │       │        │         │         │
├─────────┼──────────┼─────────┼──────────┼───────┼────────┼─────────┼─────────┤
│ op_72:… │ AxQuant… │ /model… │ (1, 64,  │ FP32  │  U16   │ 0.99882 │ 0.00122 │
│         │          │         │ 40, 40)  │       │        │         │         │
├─────────┼──────────┼─────────┼──────────┼───────┼────────┼─────────┼─────────┤
│ /model… │ AxQuant… │ /model… │ (1, 192, │ FP32  │  U16   │ 0.99874 │ 0.00120 │
│         │          │         │ 40, 40)  │       │        │         │         │
├─────────┼──────────┼─────────┼──────────┼───────┼────────┼─────────┼─────────┤
│ /model… │ AxQuant… │ /model… │ (1, 128, │ FP32  │  U16   │ 0.99885 │ 0.00302 │
│         │          │         │ 40, 40)  │       │        │         │         │
├─────────┼──────────┼─────────┼──────────┼───────┼────────┼─────────┼─────────┤
│ op_69:… │ AxQuant… │ /model… │ (1, 128, │ FP32  │  U16   │ 0.99831 │ 0.00059 │
│         │          │         │ 40, 40)  │       │        │         │         │
├─────────┼──────────┼─────────┼──────────┼───────┼────────┼─────────┼─────────┤
│ /model… │ AxQuant… │ /model… │ (1, 256, │ FP32  │  U16   │ 0.99883 │ 0.00382 │
│         │          │         │ 20, 20)  │       │        │         │         │
├─────────┼──────────┼─────────┼──────────┼───────┼────────┼─────────┼─────────┤
│ op_77:… │ AxQuant… │ /model… │ (1, 256, │ FP32  │  U16   │ 0.99855 │ 0.00106 │
│         │          │         │ 20, 20)  │       │        │         │         │
├─────────┼──────────┼─────────┼──────────┼───────┼────────┼─────────┼─────────┤
│ /model… │ AxQuant… │ /model… │ (1, 256, │ FP32  │  U16   │ 0.99840 │ 0.00660 │
│         │          │         │ 20, 20)  │       │        │         │         │
├─────────┼──────────┼─────────┼──────────┼───────┼────────┼─────────┼─────────┤
│ op_78:… │ AxQuant… │ /model… │ (1, 256, │ FP32  │  U16   │ 0.99791 │ 0.00162 │
│         │          │         │ 20, 20)  │       │        │         │         │
├─────────┼──────────┼─────────┼──────────┼───────┼────────┼─────────┼─────────┤
│ /model… │ AxSlice  │ /model… │ (1, 128, │ FP32  │  U16   │ 0.99803 │ 0.00214 │
│         │          │         │ 20, 20)  │       │        │         │         │
├─────────┼──────────┼─────────┼──────────┼───────┼────────┼─────────┼─────────┤
│ /model… │ AxSlice  │ /model… │ (1, 128, │ FP32  │  U16   │ 0.99760 │ 0.00110 │
│         │          │         │ 20, 20)  │       │        │         │         │
├─────────┼──────────┼─────────┼──────────┼───────┼────────┼─────────┼─────────┤
│ /model… │ AxQuant… │ /model… │ (1, 64,  │ FP32  │  U16   │ 0.99884 │ 0.00180 │
│         │          │         │ 20, 20)  │       │        │         │         │
├─────────┼──────────┼─────────┼──────────┼───────┼────────┼─────────┼─────────┤
│ /model… │ AxQuant… │ /model… │ (1, 64,  │ FP32  │  U16   │ 0.99733 │ 0.01186 │
│         │          │         │ 20, 20)  │       │        │         │         │
├─────────┼──────────┼─────────┼──────────┼───────┼────────┼─────────┼─────────┤
│ op_80:… │ AxQuant… │ /model… │ (1, 64,  │ FP32  │  U16   │ 0.99868 │ 0.00028 │
│         │          │         │ 20, 20)  │       │        │         │         │
├─────────┼──────────┼─────────┼──────────┼───────┼────────┼─────────┼─────────┤
│ op_81:… │ AxQuant… │ /model… │ (1, 64,  │ FP32  │  U16   │ 0.99691 │ 0.00471 │
│         │          │         │ 20, 20)  │       │        │         │         │
├─────────┼──────────┼─────────┼──────────┼───────┼────────┼─────────┼─────────┤
│ /model… │ AxQuant… │ /model… │ (1, 64,  │ FP32  │  U16   │ 0.99884 │ 0.00394 │
│         │          │         │ 20, 20)  │       │        │         │         │
├─────────┼──────────┼─────────┼──────────┼───────┼────────┼─────────┼─────────┤
│ op_83:… │ AxQuant… │ /model… │ (1, 64,  │ FP32  │  U16   │ 0.99846 │ 0.00083 │
│         │          │         │ 20, 20)  │       │        │         │         │
├─────────┼──────────┼─────────┼──────────┼───────┼────────┼─────────┼─────────┤
│ /model… │ AxQuant… │ /model… │ (1, 64,  │ FP32  │  U16   │ 0.99922 │ 0.00349 │
│         │          │         │ 20, 20)  │       │        │         │         │
├─────────┼──────────┼─────────┼──────────┼───────┼────────┼─────────┼─────────┤
│ op_84:… │ AxQuant… │ /model… │ (1, 64,  │ FP32  │  U16   │ 0.99915 │ 0.00126 │
│         │          │         │ 20, 20)  │       │        │         │         │
├─────────┼──────────┼─────────┼──────────┼───────┼────────┼─────────┼─────────┤
│ /model… │ AxQuant… │ /model… │ (1, 64,  │ FP32  │  U16   │ 0.99910 │ 0.00155 │
│         │          │         │ 20, 20)  │       │        │         │         │
├─────────┼──────────┼─────────┼──────────┼───────┼────────┼─────────┼─────────┤
│ /model… │ AxQuant… │ /model… │ (1, 64,  │ FP32  │  U16   │ 0.99913 │ 0.00304 │
│         │          │         │ 20, 20)  │       │        │         │         │
├─────────┼──────────┼─────────┼──────────┼───────┼────────┼─────────┼─────────┤
│ op_85:… │ AxQuant… │ /model… │ (1, 64,  │ FP32  │  U16   │ 0.99898 │ 0.00092 │
│         │          │         │ 20, 20)  │       │        │         │         │
├─────────┼──────────┼─────────┼──────────┼───────┼────────┼─────────┼─────────┤
│ /model… │ AxQuant… │ /model… │ (1, 64,  │ FP32  │  U16   │ 0.99932 │ 0.00690 │
│         │          │         │ 20, 20)  │       │        │         │         │
├─────────┼──────────┼─────────┼──────────┼───────┼────────┼─────────┼─────────┤
│ op_86:… │ AxQuant… │ /model… │ (1, 64,  │ FP32  │  U16   │ 0.99938 │ 0.00463 │
│         │          │         │ 20, 20)  │       │        │         │         │
├─────────┼──────────┼─────────┼──────────┼───────┼────────┼─────────┼─────────┤
│ /model… │ AxQuant… │ /model… │ (1, 64,  │ FP32  │  U16   │ 0.99947 │ 0.00649 │
│         │          │         │ 20, 20)  │       │        │         │         │
├─────────┼──────────┼─────────┼──────────┼───────┼────────┼─────────┼─────────┤
│ /model… │ AxQuant… │ /model… │ (1, 128, │ FP32  │  U16   │ 0.99919 │ 0.00560 │
│         │          │         │ 20, 20)  │       │        │         │         │
├─────────┼──────────┼─────────┼──────────┼───────┼────────┼─────────┼─────────┤
│ /model… │ AxQuant… │ /model… │ (1, 128, │ FP32  │  U16   │ 0.99885 │ 0.00490 │
│         │          │         │ 20, 20)  │       │        │         │         │
├─────────┼──────────┼─────────┼──────────┼───────┼────────┼─────────┼─────────┤
│ op_82:… │ AxQuant… │ /model… │ (1, 128, │ FP32  │  U16   │ 0.99848 │ 0.00124 │
│         │          │         │ 20, 20)  │       │        │         │         │
├─────────┼──────────┼─────────┼──────────┼───────┼────────┼─────────┼─────────┤
│ /model… │ AxQuant… │ /model… │ (1, 384, │ FP32  │  U16   │ 0.99810 │ 0.00149 │
│         │          │         │ 20, 20)  │       │        │         │         │
├─────────┼──────────┼─────────┼──────────┼───────┼────────┼─────────┼─────────┤
│ /model… │ AxQuant… │ /model… │ (1, 256, │ FP32  │  U16   │ 0.99881 │ 0.00504 │
│         │          │         │ 20, 20)  │       │        │         │         │
├─────────┼──────────┼─────────┼──────────┼───────┼────────┼─────────┼─────────┤
│ op_79:… │ AxQuant… │ /model… │ (1, 256, │ FP32  │  U16   │ 0.99878 │ 0.00104 │
│         │          │         │ 20, 20)  │       │        │         │         │
├─────────┼──────────┼─────────┼──────────┼───────┼────────┼─────────┼─────────┤
│ /model… │ AxQuant… │ /model… │ (1, 128, │ FP32  │  U16   │ 0.99750 │ 0.00680 │
│         │          │         │ 20, 20)  │       │        │         │         │
├─────────┼──────────┼─────────┼──────────┼───────┼────────┼─────────┼─────────┤
│ /model… │ AxMaxPo… │ /model… │ (1, 128, │ FP32  │  U16   │ 0.99901 │ 0.00694 │
│         │          │         │ 20, 20)  │       │        │         │         │
├─────────┼──────────┼─────────┼──────────┼───────┼────────┼─────────┼─────────┤
│ /model… │ AxMaxPo… │ /model… │ (1, 128, │ FP32  │  U16   │ 0.99936 │ 0.00698 │
│         │          │         │ 20, 20)  │       │        │         │         │
├─────────┼──────────┼─────────┼──────────┼───────┼────────┼─────────┼─────────┤
│ /model… │ AxMaxPo… │ /model… │ (1, 128, │ FP32  │  U16   │ 0.99947 │ 0.00712 │
│         │          │         │ 20, 20)  │       │        │         │         │
├─────────┼──────────┼─────────┼──────────┼───────┼────────┼─────────┼─────────┤
│ /model… │ AxConcat │ /model… │ (1, 512, │ FP32  │  U16   │ 0.99918 │ 0.00696 │
│         │          │         │ 20, 20)  │       │        │         │         │
├─────────┼──────────┼─────────┼──────────┼───────┼────────┼─────────┼─────────┤
│ /model… │ AxQuant… │ /model… │ (1, 256, │ FP32  │  U16   │ 0.99875 │ 0.00738 │
│         │          │         │ 20, 20)  │       │        │         │         │
├─────────┼──────────┼─────────┼──────────┼───────┼────────┼─────────┼─────────┤
│ op_87:… │ AxQuant… │ /model… │ (1, 256, │ FP32  │  U16   │ 0.99703 │ 0.00083 │
│         │          │         │ 20, 20)  │       │        │         │         │
├─────────┼──────────┼─────────┼──────────┼───────┼────────┼─────────┼─────────┤
│ /model… │ AxQuant… │ /model… │ (1, 256, │ FP32  │  U16   │ 0.99835 │ 0.00195 │
│         │          │         │ 20, 20)  │       │        │         │         │
├─────────┼──────────┼─────────┼──────────┼───────┼────────┼─────────┼─────────┤
│ /model… │ AxQuant… │ /model… │ (1, 256, │ FP32  │  U16   │ 0.99785 │ 0.01004 │
│         │          │         │ 20, 20)  │       │        │         │         │
├─────────┼──────────┼─────────┼──────────┼───────┼────────┼─────────┼─────────┤
│ op_3:o… │ AxQuant… │ /model… │ (1, 256, │ FP32  │  U16   │ 0.99800 │ 0.00361 │
│         │          │         │ 20, 20)  │       │        │         │         │
├─────────┼──────────┼─────────┼──────────┼───────┼────────┼─────────┼─────────┤
│ /model… │ AxSplit  │ /model… │ (1, 128, │ FP32  │  U16   │ 0.99663 │ 0.00437 │
│         │          │         │ 20, 20)  │       │        │         │         │
├─────────┼──────────┼─────────┼──────────┼───────┼────────┼─────────┼─────────┤
│ /model… │ AxSplit  │ /model… │ (1, 128, │ FP32  │  U16   │ 0.99877 │ 0.00286 │
│         │          │         │ 20, 20)  │       │        │         │         │
├─────────┼──────────┼─────────┼──────────┼───────┼────────┼─────────┼─────────┤
│ /model… │ AxQuant… │ /model… │ (1, 256, │ FP32  │  U16   │ 0.99731 │ 0.01060 │
│         │          │         │ 20, 20)  │       │        │         │         │
├─────────┼──────────┼─────────┼──────────┼───────┼────────┼─────────┼─────────┤
│ /model… │ AxResha… │ /model… │  (1, 2,  │ FP32  │  U16   │ 0.99731 │ 0.01060 │
│         │          │         │   128,   │       │        │         │         │
│         │          │         │   400)   │       │        │         │         │
├─────────┼──────────┼─────────┼──────────┼───────┼────────┼─────────┼─────────┤
│ /model… │ AxSplit  │ /model… │  (1, 2,  │ FP32  │  U16   │ 0.99849 │ 0.00479 │
│         │          │         │ 32, 400) │       │        │         │         │
├─────────┼──────────┼─────────┼──────────┼───────┼────────┼─────────┼─────────┤
│ /model… │ AxSplit  │ /model… │  (1, 2,  │ FP32  │  U16   │ 0.99832 │ 0.00440 │
│         │          │         │ 32, 400) │       │        │         │         │
├─────────┼──────────┼─────────┼──────────┼───────┼────────┼─────────┼─────────┤
│ /model… │ AxSplit  │ /model… │  (1, 2,  │ FP32  │  U16   │ 0.99667 │ 0.01660 │
│         │          │         │ 64, 400) │       │        │         │         │
├─────────┼──────────┼─────────┼──────────┼───────┼────────┼─────────┼─────────┤
│ /model… │ AxQuant… │ /model… │  (1, 2,  │ FP32  │  S16   │ 0.99849 │ 0.00015 │
│         │          │         │ 32, 400) │       │        │         │         │
├─────────┼──────────┼─────────┼──────────┼───────┼────────┼─────────┼─────────┤
│ /model… │ AxResha… │ /model… │ (1, 128, │ FP32  │  U16   │ 0.99667 │ 0.01660 │
│         │          │         │ 20, 20)  │       │        │         │         │
├─────────┼──────────┼─────────┼──────────┼───────┼────────┼─────────┼─────────┤
│ /model… │ AxTrans… │ /model… │  (1, 2,  │ FP32  │  S16   │ 0.99849 │ 0.00015 │
│         │          │         │ 400, 32) │       │        │         │         │
├─────────┼──────────┼─────────┼──────────┼───────┼────────┼─────────┼─────────┤
│ /model… │ AxQuant… │ /model… │ (1, 128, │ FP32  │  U16   │ 0.99695 │ 0.00437 │
│         │          │         │ 20, 20)  │       │        │         │         │
├─────────┼──────────┼─────────┼──────────┼───────┼────────┼─────────┼─────────┤
│ /model… │ AxQuant… │ /model… │  (1, 2,  │ FP32  │  U16   │ 0.99909 │ 0.02431 │
│         │          │         │   400,   │       │        │         │         │
│         │          │         │   400)   │       │        │         │         │
├─────────┼──────────┼─────────┼──────────┼───────┼────────┼─────────┼─────────┤
│ /model… │ AxQuant… │ /model… │  (1, 2,  │ FP32  │  S16   │ 0.99726 │ 0.00000 │
│         │          │         │   400,   │       │        │         │         │
│         │          │         │   400)   │       │        │         │         │
├─────────┼──────────┼─────────┼──────────┼───────┼────────┼─────────┼─────────┤
│ /model… │ AxTrans… │ /model… │  (1, 2,  │ FP32  │  S16   │ 0.99726 │ 0.00000 │
│         │          │         │   400,   │       │        │         │         │
│         │          │         │   400)   │       │        │         │         │
├─────────┼──────────┼─────────┼──────────┼───────┼────────┼─────────┼─────────┤
│ /model… │ AxQuant… │ /model… │  (1, 2,  │ FP32  │  U16   │ 0.99820 │ 0.00399 │
│         │          │         │ 64, 400) │       │        │         │         │
├─────────┼──────────┼─────────┼──────────┼───────┼────────┼─────────┼─────────┤
│ /model… │ AxResha… │ /model… │ (1, 128, │ FP32  │  U16   │ 0.99820 │ 0.00399 │
│         │          │         │ 20, 20)  │       │        │         │         │
├─────────┼──────────┼─────────┼──────────┼───────┼────────┼─────────┼─────────┤
│ /model… │ AxQuant… │ /model… │ (1, 128, │ FP32  │  U16   │ 0.99684 │ 0.00332 │
│         │          │         │ 20, 20)  │       │        │         │         │
├─────────┼──────────┼─────────┼──────────┼───────┼────────┼─────────┼─────────┤
│ /model… │ AxQuant… │ /model… │ (1, 128, │ FP32  │  U16   │ 0.99660 │ 0.00409 │
│         │          │         │ 20, 20)  │       │        │         │         │
├─────────┼──────────┼─────────┼──────────┼───────┼────────┼─────────┼─────────┤
│ /model… │ AxQuant… │ /model… │ (1, 128, │ FP32  │  U16   │ 0.99857 │ 0.00476 │
│         │          │         │ 20, 20)  │       │        │         │         │
├─────────┼──────────┼─────────┼──────────┼───────┼────────┼─────────┼─────────┤
│ /model… │ AxQuant… │ /model… │ (1, 256, │ FP32  │  U16   │ 0.99946 │ 0.00337 │
│         │          │         │ 20, 20)  │       │        │         │         │
├─────────┼──────────┼─────────┼──────────┼───────┼────────┼─────────┼─────────┤
│ op_5:o… │ AxQuant… │ /model… │ (1, 256, │ FP32  │  U16   │ 0.99856 │ 0.00016 │
│         │          │         │ 20, 20)  │       │        │         │         │
├─────────┼──────────┼─────────┼──────────┼───────┼────────┼─────────┼─────────┤
│ /model… │ AxQuant… │ /model… │ (1, 128, │ FP32  │  U16   │ 0.99399 │ 0.00472 │
│         │          │         │ 20, 20)  │       │        │         │         │
├─────────┼──────────┼─────────┼──────────┼───────┼────────┼─────────┼─────────┤
│ /model… │ AxQuant… │ /model… │ (1, 128, │ FP32  │  U16   │ 0.99754 │ 0.00996 │
│         │          │         │ 20, 20)  │       │        │         │         │
├─────────┼──────────┼─────────┼──────────┼───────┼────────┼─────────┼─────────┤
│ /model… │ AxQuant… │ /model… │ (1, 256, │ FP32  │  U16   │ 0.99732 │ 0.00717 │
│         │          │         │ 20, 20)  │       │        │         │         │
├─────────┼──────────┼─────────┼──────────┼───────┼────────┼─────────┼─────────┤
│ /model… │ AxQuant… │ /model… │ (1, 256, │ FP32  │  U16   │ 0.99878 │ 0.00758 │
│         │          │         │ 20, 20)  │       │        │         │         │
├─────────┼──────────┼─────────┼──────────┼───────┼────────┼─────────┼─────────┤
│ op_4:o… │ AxQuant… │ /model… │ (1, 256, │ FP32  │  U16   │ 0.99791 │ 0.00066 │
│         │          │         │ 20, 20)  │       │        │         │         │
├─────────┼──────────┼─────────┼──────────┼───────┼────────┼─────────┼─────────┤
│ /model… │ AxResize │ /model… │ (1, 256, │ FP32  │  U16   │ 0.99791 │ 0.00066 │
│         │          │         │ 40, 40)  │       │        │         │         │
├─────────┼──────────┼─────────┼──────────┼───────┼────────┼─────────┼─────────┤
│ /model… │ AxQuant… │ /model… │ (1, 384, │ FP32  │  U16   │ 0.99805 │ 0.00064 │
│         │          │         │ 40, 40)  │       │        │         │         │
├─────────┼──────────┼─────────┼──────────┼───────┼────────┼─────────┼─────────┤
│ /model… │ AxQuant… │ /model… │ (1, 128, │ FP32  │  U16   │ 0.99887 │ 0.00366 │
│         │          │         │ 40, 40)  │       │        │         │         │
├─────────┼──────────┼─────────┼──────────┼───────┼────────┼─────────┼─────────┤
│ op_6:o… │ AxQuant… │ /model… │ (1, 128, │ FP32  │  U16   │ 0.99893 │ 0.00114 │
│         │          │         │ 40, 40)  │       │        │         │         │
├─────────┼──────────┼─────────┼──────────┼───────┼────────┼─────────┼─────────┤
│ /model… │ AxSlice  │ /model… │ (1, 64,  │ FP32  │  U16   │ 0.99887 │ 0.00154 │
│         │          │         │ 40, 40)  │       │        │         │         │
├─────────┼──────────┼─────────┼──────────┼───────┼────────┼─────────┼─────────┤
│ /model… │ AxSlice  │ /model… │ (1, 64,  │ FP32  │  U16   │ 0.99906 │ 0.00073 │
│         │          │         │ 40, 40)  │       │        │         │         │
├─────────┼──────────┼─────────┼──────────┼───────┼────────┼─────────┼─────────┤
│ /model… │ AxQuant… │ /model… │ (1, 32,  │ FP32  │  U16   │ 0.99900 │ 0.00094 │
│         │          │         │ 40, 40)  │       │        │         │         │
├─────────┼──────────┼─────────┼──────────┼───────┼────────┼─────────┼─────────┤
│ /model… │ AxQuant… │ /model… │ (1, 32,  │ FP32  │  U16   │ 0.99850 │ 0.00623 │
│         │          │         │ 40, 40)  │       │        │         │         │
├─────────┼──────────┼─────────┼──────────┼───────┼────────┼─────────┼─────────┤
│ op_8:o… │ AxQuant… │ /model… │ (1, 32,  │ FP32  │  U16   │ 0.99899 │ 0.00025 │
│         │          │         │ 40, 40)  │       │        │         │         │
├─────────┼──────────┼─────────┼──────────┼───────┼────────┼─────────┼─────────┤
│ op_9:o… │ AxQuant… │ /model… │ (1, 32,  │ FP32  │  U16   │ 0.99740 │ 0.00159 │
│         │          │         │ 40, 40)  │       │        │         │         │
├─────────┼──────────┼─────────┼──────────┼───────┼────────┼─────────┼─────────┤
│ /model… │ AxQuant… │ /model… │ (1, 32,  │ FP32  │  U16   │ 0.99881 │ 0.00297 │
│         │          │         │ 40, 40)  │       │        │         │         │
├─────────┼──────────┼─────────┼──────────┼───────┼────────┼─────────┼─────────┤
│ op_11:… │ AxQuant… │ /model… │ (1, 32,  │ FP32  │  U16   │ 0.99788 │ 0.00057 │
│         │          │         │ 40, 40)  │       │        │         │         │
├─────────┼──────────┼─────────┼──────────┼───────┼────────┼─────────┼─────────┤
│ /model… │ AxQuant… │ /model… │ (1, 32,  │ FP32  │  U16   │ 0.99894 │ 0.00333 │
│         │          │         │ 40, 40)  │       │        │         │         │
├─────────┼──────────┼─────────┼──────────┼───────┼────────┼─────────┼─────────┤
│ op_12:… │ AxQuant… │ /model… │ (1, 32,  │ FP32  │  U16   │ 0.99911 │ 0.00120 │
│         │          │         │ 40, 40)  │       │        │         │         │
├─────────┼──────────┼─────────┼──────────┼───────┼────────┼─────────┼─────────┤
│ /model… │ AxQuant… │ /model… │ (1, 32,  │ FP32  │  U16   │ 0.99911 │ 0.00145 │
│         │          │         │ 40, 40)  │       │        │         │         │
├─────────┼──────────┼─────────┼──────────┼───────┼────────┼─────────┼─────────┤
│ /model… │ AxQuant… │ /model… │ (1, 32,  │ FP32  │  U16   │ 0.99886 │ 0.00210 │
│         │          │         │ 40, 40)  │       │        │         │         │
├─────────┼──────────┼─────────┼──────────┼───────┼────────┼─────────┼─────────┤
│ op_13:… │ AxQuant… │ /model… │ (1, 32,  │ FP32  │  U16   │ 0.99840 │ 0.00044 │
│         │          │         │ 40, 40)  │       │        │         │         │
├─────────┼──────────┼─────────┼──────────┼───────┼────────┼─────────┼─────────┤
│ /model… │ AxQuant… │ /model… │ (1, 32,  │ FP32  │  U16   │ 0.99948 │ 0.00639 │
│         │          │         │ 40, 40)  │       │        │         │         │
├─────────┼──────────┼─────────┼──────────┼───────┼────────┼─────────┼─────────┤
│ op_14:… │ AxQuant… │ /model… │ (1, 32,  │ FP32  │  U16   │ 0.99948 │ 0.00538 │
│         │          │         │ 40, 40)  │       │        │         │         │
├─────────┼──────────┼─────────┼──────────┼───────┼────────┼─────────┼─────────┤
│ /model… │ AxQuant… │ /model… │ (1, 32,  │ FP32  │  U16   │ 0.99957 │ 0.00708 │
│         │          │         │ 40, 40)  │       │        │         │         │
├─────────┼──────────┼─────────┼──────────┼───────┼────────┼─────────┼─────────┤
│ /model… │ AxQuant… │ /model… │ (1, 64,  │ FP32  │  U16   │ 0.99949 │ 0.00434 │
│         │          │         │ 40, 40)  │       │        │         │         │
├─────────┼──────────┼─────────┼──────────┼───────┼────────┼─────────┼─────────┤
│ /model… │ AxQuant… │ /model… │ (1, 64,  │ FP32  │  U16   │ 0.99844 │ 0.00390 │
│         │          │         │ 40, 40)  │       │        │         │         │
├─────────┼──────────┼─────────┼──────────┼───────┼────────┼─────────┼─────────┤
│ op_10:… │ AxQuant… │ /model… │ (1, 64,  │ FP32  │  U16   │ 0.99795 │ 0.00107 │
│         │          │         │ 40, 40)  │       │        │         │         │
├─────────┼──────────┼─────────┼──────────┼───────┼────────┼─────────┼─────────┤
│ /model… │ AxQuant… │ /model… │ (1, 192, │ FP32  │  U16   │ 0.99873 │ 0.00111 │
│         │          │         │ 40, 40)  │       │        │         │         │
├─────────┼──────────┼─────────┼──────────┼───────┼────────┼─────────┼─────────┤
│ /model… │ AxQuant… │ /model… │ (1, 128, │ FP32  │  U16   │ 0.99897 │ 0.00242 │
│         │          │         │ 40, 40)  │       │        │         │         │
├─────────┼──────────┼─────────┼──────────┼───────┼────────┼─────────┼─────────┤
│ op_7:o… │ AxQuant… │ /model… │ (1, 128, │ FP32  │  U16   │ 0.99864 │ 0.00048 │
│         │          │         │ 40, 40)  │       │        │         │         │
├─────────┼──────────┼─────────┼──────────┼───────┼────────┼─────────┼─────────┤
│ /model… │ AxResize │ /model… │ (1, 128, │ FP32  │  U16   │ 0.99864 │ 0.00048 │
│         │          │         │ 80, 80)  │       │        │         │         │
├─────────┼──────────┼─────────┼──────────┼───────┼────────┼─────────┼─────────┤
│ /model… │ AxQuant… │ /model… │ (1, 256, │ FP32  │  U16   │ 0.99855 │ 0.00043 │
│         │          │         │ 80, 80)  │       │        │         │         │
├─────────┼──────────┼─────────┼──────────┼───────┼────────┼─────────┼─────────┤
│ /model… │ AxQuant… │ /model… │ (1, 64,  │ FP32  │  U16   │ 0.99954 │ 0.00143 │
│         │          │         │ 80, 80)  │       │        │         │         │
├─────────┼──────────┼─────────┼──────────┼───────┼────────┼─────────┼─────────┤
│ op_15:… │ AxQuant… │ /model… │ (1, 64,  │ FP32  │  U16   │ 0.99959 │ 0.00071 │
│         │          │         │ 80, 80)  │       │        │         │         │
├─────────┼──────────┼─────────┼──────────┼───────┼────────┼─────────┼─────────┤
│ /model… │ AxSlice  │ /model… │ (1, 32,  │ FP32  │  U16   │ 0.99957 │ 0.00110 │
│         │          │         │ 80, 80)  │       │        │         │         │
├─────────┼──────────┼─────────┼──────────┼───────┼────────┼─────────┼─────────┤
│ /model… │ AxSlice  │ /model… │ (1, 32,  │ FP32  │  U16   │ 0.99966 │ 0.00032 │
│         │          │         │ 80, 80)  │       │        │         │         │
├─────────┼──────────┼─────────┼──────────┼───────┼────────┼─────────┼─────────┤
│ /model… │ AxQuant… │ /model… │ (1, 16,  │ FP32  │  U16   │ 0.99963 │ 0.00015 │
│         │          │         │ 80, 80)  │       │        │         │         │
├─────────┼──────────┼─────────┼──────────┼───────┼────────┼─────────┼─────────┤
│ /model… │ AxQuant… │ /model… │ (1, 16,  │ FP32  │  U16   │ 0.99964 │ 0.00248 │
│         │          │         │ 80, 80)  │       │        │         │         │
├─────────┼──────────┼─────────┼──────────┼───────┼────────┼─────────┼─────────┤
│ op_17:… │ AxQuant… │ /model… │ (1, 16,  │ FP32  │  U16   │ 0.99976 │ 0.00003 │
│         │          │         │ 80, 80)  │       │        │         │         │
├─────────┼──────────┼─────────┼──────────┼───────┼────────┼─────────┼─────────┤
│ op_18:… │ AxQuant… │ /model… │ (1, 16,  │ FP32  │  U16   │ 0.99971 │ 0.00068 │
│         │          │         │ 80, 80)  │       │        │         │         │
├─────────┼──────────┼─────────┼──────────┼───────┼────────┼─────────┼─────────┤
│ /model… │ AxQuant… │ /model… │ (1, 16,  │ FP32  │  U16   │ 0.99906 │ 0.00252 │
│         │          │         │ 80, 80)  │       │        │         │         │
├─────────┼──────────┼─────────┼──────────┼───────┼────────┼─────────┼─────────┤
│ op_20:… │ AxQuant… │ /model… │ (1, 16,  │ FP32  │  U16   │ 0.99901 │ 0.00076 │
│         │          │         │ 80, 80)  │       │        │         │         │
├─────────┼──────────┼─────────┼──────────┼───────┼────────┼─────────┼─────────┤
│ /model… │ AxQuant… │ /model… │ (1, 16,  │ FP32  │  U16   │ 0.99934 │ 0.00225 │
│         │          │         │ 80, 80)  │       │        │         │         │
├─────────┼──────────┼─────────┼──────────┼───────┼────────┼─────────┼─────────┤
│ op_21:… │ AxQuant… │ /model… │ (1, 16,  │ FP32  │  U16   │ 0.99940 │ 0.00051 │
│         │          │         │ 80, 80)  │       │        │         │         │
├─────────┼──────────┼─────────┼──────────┼───────┼────────┼─────────┼─────────┤
│ /model… │ AxQuant… │ /model… │ (1, 16,  │ FP32  │  U16   │ 0.99942 │ 0.00054 │
│         │          │         │ 80, 80)  │       │        │         │         │
├─────────┼──────────┼─────────┼──────────┼───────┼────────┼─────────┼─────────┤
│ /model… │ AxQuant… │ /model… │ (1, 16,  │ FP32  │  U16   │ 0.99947 │ 0.00126 │
│         │          │         │ 80, 80)  │       │        │         │         │
├─────────┼──────────┼─────────┼──────────┼───────┼────────┼─────────┼─────────┤
│ op_22:… │ AxQuant… │ /model… │ (1, 16,  │ FP32  │  U16   │ 0.99972 │ 0.00028 │
│         │          │         │ 80, 80)  │       │        │         │         │
├─────────┼──────────┼─────────┼──────────┼───────┼────────┼─────────┼─────────┤
│ /model… │ AxQuant… │ /model… │ (1, 16,  │ FP32  │  U16   │ 0.99964 │ 0.00868 │
│         │          │         │ 80, 80)  │       │        │         │         │
├─────────┼──────────┼─────────┼──────────┼───────┼────────┼─────────┼─────────┤
│ op_23:… │ AxQuant… │ /model… │ (1, 16,  │ FP32  │  U16   │ 0.99967 │ 0.00747 │
│         │          │         │ 80, 80)  │       │        │         │         │
├─────────┼──────────┼─────────┼──────────┼───────┼────────┼─────────┼─────────┤
│ /model… │ AxQuant… │ /model… │ (1, 16,  │ FP32  │  U16   │ 0.99970 │ 0.00850 │
│         │          │         │ 80, 80)  │       │        │         │         │
├─────────┼──────────┼─────────┼──────────┼───────┼────────┼─────────┼─────────┤
│ /model… │ AxQuant… │ /model… │ (1, 32,  │ FP32  │  U16   │ 0.99970 │ 0.00459 │
│         │          │         │ 80, 80)  │       │        │         │         │
├─────────┼──────────┼─────────┼──────────┼───────┼────────┼─────────┼─────────┤
│ /model… │ AxQuant… │ /model… │ (1, 32,  │ FP32  │  U16   │ 0.99896 │ 0.00633 │
│         │          │         │ 80, 80)  │       │        │         │         │
├─────────┼──────────┼─────────┼──────────┼───────┼────────┼─────────┼─────────┤
│ op_19:… │ AxQuant… │ /model… │ (1, 32,  │ FP32  │  U16   │ 0.99902 │ 0.00309 │
│         │          │         │ 80, 80)  │       │        │         │         │
├─────────┼──────────┼─────────┼──────────┼───────┼────────┼─────────┼─────────┤
│ /model… │ AxQuant… │ /model… │ (1, 96,  │ FP32  │  U16   │ 0.99932 │ 0.00150 │
│         │          │         │ 80, 80)  │       │        │         │         │
├─────────┼──────────┼─────────┼──────────┼───────┼────────┼─────────┼─────────┤
│ /model… │ AxQuant… │ /model… │ (1, 64,  │ FP32  │  U16   │ 0.99892 │ 0.00474 │
│         │          │         │ 80, 80)  │       │        │         │         │
├─────────┼──────────┼─────────┼──────────┼───────┼────────┼─────────┼─────────┤
│ op_16:… │ AxQuant… │ /model… │ (1, 64,  │ FP32  │  U16   │ 0.99938 │ 0.00080 │
│         │          │         │ 80, 80)  │       │        │         │         │
├─────────┼──────────┼─────────┼──────────┼───────┼────────┼─────────┼─────────┤
│ /model… │ AxQuant… │ /model… │ (1, 64,  │ FP32  │  U16   │ 0.99899 │ 0.00361 │
│         │          │         │ 40, 40)  │       │        │         │         │
├─────────┼──────────┼─────────┼──────────┼───────┼────────┼─────────┼─────────┤
│ /model… │ AxQuant… │ /model… │ (1, 16,  │ FP32  │  U16   │ 0.99941 │ 0.02695 │
│         │          │         │ 80, 80)  │       │        │         │         │
├─────────┼──────────┼─────────┼──────────┼───────┼────────┼─────────┼─────────┤
│ /model… │ AxQuant… │ /model… │ (1, 64,  │ FP32  │  U16   │ 0.99980 │ 0.00347 │
│         │          │         │ 80, 80)  │       │        │         │         │
├─────────┼──────────┼─────────┼──────────┼───────┼────────┼─────────┼─────────┤
│ op_24:… │ AxQuant… │ /model… │ (1, 64,  │ FP32  │  U16   │ 0.99850 │ 0.00066 │
│         │          │         │ 40, 40)  │       │        │         │         │
├─────────┼──────────┼─────────┼──────────┼───────┼────────┼─────────┼─────────┤
│ op_44:… │ AxQuant… │ /model… │ (1, 16,  │ FP32  │  U16   │ 0.99959 │ 0.01637 │
│         │          │         │ 80, 80)  │       │        │         │         │
├─────────┼──────────┼─────────┼──────────┼───────┼────────┼─────────┼─────────┤
│ op_50:… │ AxQuant… │ /model… │ (1, 64,  │ FP32  │  U16   │ 0.99977 │ 0.00379 │
│         │          │         │ 80, 80)  │       │        │         │         │
├─────────┼──────────┼─────────┼──────────┼───────┼────────┼─────────┼─────────┤
│ /model… │ AxQuant… │ /model… │ (1, 192, │ FP32  │  U16   │ 0.99859 │ 0.00054 │
│         │          │         │ 40, 40)  │       │        │         │         │
├─────────┼──────────┼─────────┼──────────┼───────┼────────┼─────────┼─────────┤
│ /model… │ AxQuant… │ /model… │ (1, 16,  │ FP32  │  U16   │ 0.99829 │ 0.00802 │
│         │          │         │ 80, 80)  │       │        │         │         │
├─────────┼──────────┼─────────┼──────────┼───────┼────────┼─────────┼─────────┤
│ /model… │ AxQuant… │ /model… │ (1, 80,  │ FP32  │  U16   │ 0.99905 │ 0.00272 │
│         │          │         │ 80, 80)  │       │        │         │         │
├─────────┼──────────┼─────────┼──────────┼───────┼────────┼─────────┼─────────┤
│ /model… │ AxQuant… │ /model… │ (1, 128, │ FP32  │  U16   │ 0.99867 │ 0.00389 │
│         │          │         │ 40, 40)  │       │        │         │         │
├─────────┼──────────┼─────────┼──────────┼───────┼────────┼─────────┼─────────┤
│ op_45:… │ AxQuant… │ /model… │ (1, 16,  │ FP32  │  U16   │ 0.99854 │ 0.00365 │
│         │          │         │ 80, 80)  │       │        │         │         │
├─────────┼──────────┼─────────┼──────────┼───────┼────────┼─────────┼─────────┤
│ op_51:… │ AxQuant… │ /model… │ (1, 80,  │ FP32  │  U16   │ 0.99881 │ 0.00125 │
│         │          │         │ 80, 80)  │       │        │         │         │
├─────────┼──────────┼─────────┼──────────┼───────┼────────┼─────────┼─────────┤
│ op_25:… │ AxQuant… │ /model… │ (1, 128, │ FP32  │  U16   │ 0.99851 │ 0.00122 │
│         │          │         │ 40, 40)  │       │        │         │         │
├─────────┼──────────┼─────────┼──────────┼───────┼────────┼─────────┼─────────┤
│ /model… │ AxQuant… │ /model… │  (1, 4,  │ FP32  │  U16   │ 0.99945 │ 0.01483 │
│         │          │         │ 80, 80)  │       │        │         │         │
├─────────┼──────────┼─────────┼──────────┼───────┼────────┼─────────┼─────────┤
│ /model… │ AxQuant… │ /model… │ (1, 80,  │ FP32  │  U16   │ 0.99937 │ 0.00406 │
│         │          │         │ 80, 80)  │       │        │         │         │
├─────────┼──────────┼─────────┼──────────┼───────┼────────┼─────────┼─────────┤
│ /model… │ AxSlice  │ /model… │ (1, 64,  │ FP32  │  U16   │ 0.99829 │ 0.00160 │
│         │          │         │ 40, 40)  │       │        │         │         │
├─────────┼──────────┼─────────┼──────────┼───────┼────────┼─────────┼─────────┤
│ /model… │ AxSlice  │ /model… │ (1, 64,  │ FP32  │  U16   │ 0.99882 │ 0.00084 │
│         │          │         │ 40, 40)  │       │        │         │         │
├─────────┼──────────┼─────────┼──────────┼───────┼────────┼─────────┼─────────┤
│ op_52:… │ AxQuant… │ /model… │ (1, 80,  │ FP32  │  U16   │ 0.99937 │ 0.00293 │
│         │          │         │ 80, 80)  │       │        │         │         │
├─────────┼──────────┼─────────┼──────────┼───────┼────────┼─────────┼─────────┤
│ /model… │ AxQuant… │ /model… │ (1, 32,  │ FP32  │  U16   │ 0.99954 │ 0.00036 │
│         │          │         │ 40, 40)  │       │        │         │         │
├─────────┼──────────┼─────────┼──────────┼───────┼────────┼─────────┼─────────┤
│ /model… │ AxQuant… │ /model… │ (1, 32,  │ FP32  │  U16   │ 0.99896 │ 0.00378 │
│         │          │         │ 40, 40)  │       │        │         │         │
├─────────┼──────────┼─────────┼──────────┼───────┼────────┼─────────┼─────────┤
│ /model… │ AxQuant… │ /model… │ (1, 80,  │ FP32  │  U16   │ 0.99811 │ 0.02183 │
│         │          │         │ 80, 80)  │       │        │         │         │
├─────────┼──────────┼─────────┼──────────┼───────┼────────┼─────────┼─────────┤
│ op_27:… │ AxQuant… │ /model… │ (1, 32,  │ FP32  │  U16   │ 0.99964 │ 0.00005 │
│         │          │         │ 40, 40)  │       │        │         │         │
├─────────┼──────────┼─────────┼──────────┼───────┼────────┼─────────┼─────────┤
│ op_28:… │ AxQuant… │ /model… │ (1, 32,  │ FP32  │  U16   │ 0.99878 │ 0.00119 │
│         │          │         │ 40, 40)  │       │        │         │         │
├─────────┼──────────┼─────────┼──────────┼───────┼────────┼─────────┼─────────┤
│ op_53:… │ AxQuant… │ /model… │ (1, 80,  │ FP32  │  U16   │ 0.99841 │ 0.01344 │
│         │          │         │ 80, 80)  │       │        │         │         │
├─────────┼──────────┼─────────┼──────────┼───────┼────────┼─────────┼─────────┤
│ /model… │ AxQuant… │ /model… │ (1, 32,  │ FP32  │  U16   │ 0.99890 │ 0.00222 │
│         │          │         │ 40, 40)  │       │        │         │         │
├─────────┼──────────┼─────────┼──────────┼───────┼────────┼─────────┼─────────┤
│ /model… │ AxQuant… │ /model… │ (1, 80,  │ FP32  │  U16   │ 0.99996 │ 0.05481 │
│         │          │         │ 80, 80)  │       │        │         │         │
├─────────┼──────────┼─────────┼──────────┼───────┼────────┼─────────┼─────────┤
│ op_30:… │ AxQuant… │ /model… │ (1, 32,  │ FP32  │  U16   │ 0.99830 │ 0.00052 │
│         │          │         │ 40, 40)  │       │        │         │         │
├─────────┼──────────┼─────────┼──────────┼───────┼────────┼─────────┼─────────┤
│ /model… │ AxQuant… │ /model… │ (1, 32,  │ FP32  │  U16   │ 0.99915 │ 0.00277 │
│         │          │         │ 40, 40)  │       │        │         │         │
├─────────┼──────────┼─────────┼──────────┼───────┼────────┼─────────┼─────────┤
│ output… │ AxDequa… │ output… │ (1, 84,  │ FP32  │  FP32  │ 0.99996 │ 0.05291 │
│         │          │         │ 80, 80)  │       │        │         │         │
├─────────┼──────────┼─────────┼──────────┼───────┼────────┼─────────┼─────────┤
│ op_31:… │ AxQuant… │ /model… │ (1, 32,  │ FP32  │  U16   │ 0.99909 │ 0.00061 │
│         │          │         │ 40, 40)  │       │        │         │         │
├─────────┼──────────┼─────────┼──────────┼───────┼────────┼─────────┼─────────┤
│ /model… │ AxQuant… │ /model… │ (1, 32,  │ FP32  │  U16   │ 0.99930 │ 0.00067 │
│         │          │         │ 40, 40)  │       │        │         │         │
├─────────┼──────────┼─────────┼──────────┼───────┼────────┼─────────┼─────────┤
│ /model… │ AxQuant… │ /model… │ (1, 32,  │ FP32  │  U16   │ 0.99901 │ 0.00314 │
│         │          │         │ 40, 40)  │       │        │         │         │
├─────────┼──────────┼─────────┼──────────┼───────┼────────┼─────────┼─────────┤
│ op_32:… │ AxQuant… │ /model… │ (1, 32,  │ FP32  │  U16   │ 0.99867 │ 0.00075 │
│         │          │         │ 40, 40)  │       │        │         │         │
├─────────┼──────────┼─────────┼──────────┼───────┼────────┼─────────┼─────────┤
│ /model… │ AxQuant… │ /model… │ (1, 32,  │ FP32  │  U16   │ 0.99917 │ 0.01907 │
│         │          │         │ 40, 40)  │       │        │         │         │
├─────────┼──────────┼─────────┼──────────┼───────┼────────┼─────────┼─────────┤
│ op_33:… │ AxQuant… │ /model… │ (1, 32,  │ FP32  │  U16   │ 0.99931 │ 0.00978 │
│         │          │         │ 40, 40)  │       │        │         │         │
├─────────┼──────────┼─────────┼──────────┼───────┼────────┼─────────┼─────────┤
│ /model… │ AxQuant… │ /model… │ (1, 32,  │ FP32  │  U16   │ 0.99940 │ 0.01115 │
│         │          │         │ 40, 40)  │       │        │         │         │
├─────────┼──────────┼─────────┼──────────┼───────┼────────┼─────────┼─────────┤
│ /model… │ AxQuant… │ /model… │ (1, 64,  │ FP32  │  U16   │ 0.99937 │ 0.00617 │
│         │          │         │ 40, 40)  │       │        │         │         │
├─────────┼──────────┼─────────┼──────────┼───────┼────────┼─────────┼─────────┤
│ /model… │ AxQuant… │ /model… │ (1, 64,  │ FP32  │  U16   │ 0.99864 │ 0.01116 │
│         │          │         │ 40, 40)  │       │        │         │         │
├─────────┼──────────┼─────────┼──────────┼───────┼────────┼─────────┼─────────┤
│ op_29:… │ AxQuant… │ /model… │ (1, 64,  │ FP32  │  U16   │ 0.99865 │ 0.00431 │
│         │          │         │ 40, 40)  │       │        │         │         │
├─────────┼──────────┼─────────┼──────────┼───────┼────────┼─────────┼─────────┤
│ /model… │ AxQuant… │ /model… │ (1, 192, │ FP32  │  U16   │ 0.99859 │ 0.00225 │
│         │          │         │ 40, 40)  │       │        │         │         │
├─────────┼──────────┼─────────┼──────────┼───────┼────────┼─────────┼─────────┤
│ /model… │ AxQuant… │ /model… │ (1, 128, │ FP32  │  U16   │ 0.99851 │ 0.00667 │
│         │          │         │ 40, 40)  │       │        │         │         │
├─────────┼──────────┼─────────┼──────────┼───────┼────────┼─────────┼─────────┤
│ op_26:… │ AxQuant… │ /model… │ (1, 128, │ FP32  │  U16   │ 0.99879 │ 0.00107 │
│         │          │         │ 40, 40)  │       │        │         │         │
├─────────┼──────────┼─────────┼──────────┼───────┼────────┼─────────┼─────────┤
│ /model… │ AxQuant… │ /model… │ (1, 128, │ FP32  │  U16   │ 0.99869 │ 0.00525 │
│         │          │         │ 20, 20)  │       │        │         │         │
├─────────┼──────────┼─────────┼──────────┼───────┼────────┼─────────┼─────────┤
│ /model… │ AxQuant… │ /model… │ (1, 16,  │ FP32  │  U16   │ 0.99928 │ 0.01570 │
│         │          │         │ 40, 40)  │       │        │         │         │
├─────────┼──────────┼─────────┼──────────┼───────┼────────┼─────────┼─────────┤
│ /model… │ AxQuant… │ /model… │ (1, 128, │ FP32  │  U16   │ 0.99954 │ 0.00459 │
│         │          │         │ 40, 40)  │       │        │         │         │
├─────────┼──────────┼─────────┼──────────┼───────┼────────┼─────────┼─────────┤
│ op_38:… │ AxQuant… │ /model… │ (1, 128, │ FP32  │  U16   │ 0.99803 │ 0.00110 │
│         │          │         │ 20, 20)  │       │        │         │         │
├─────────┼──────────┼─────────┼──────────┼───────┼────────┼─────────┼─────────┤
│ op_46:… │ AxQuant… │ /model… │ (1, 16,  │ FP32  │  U16   │ 0.99942 │ 0.01132 │
│         │          │         │ 40, 40)  │       │        │         │         │
├─────────┼──────────┼─────────┼──────────┼───────┼────────┼─────────┼─────────┤
│ op_54:… │ AxQuant… │ /model… │ (1, 128, │ FP32  │  U16   │ 0.99952 │ 0.00409 │
│         │          │         │ 40, 40)  │       │        │         │         │
├─────────┼──────────┼─────────┼──────────┼───────┼────────┼─────────┼─────────┤
│ /model… │ AxQuant… │ /model… │ (1, 384, │ FP32  │  U16   │ 0.99795 │ 0.00081 │
│         │          │         │ 20, 20)  │       │        │         │         │
├─────────┼──────────┼─────────┼──────────┼───────┼────────┼─────────┼─────────┤
│ /model… │ AxQuant… │ /model… │ (1, 16,  │ FP32  │  U16   │ 0.99817 │ 0.01192 │
│         │          │         │ 40, 40)  │       │        │         │         │
├─────────┼──────────┼─────────┼──────────┼───────┼────────┼─────────┼─────────┤
│ /model… │ AxQuant… │ /model… │ (1, 80,  │ FP32  │  U16   │ 0.99812 │ 0.00958 │
│         │          │         │ 40, 40)  │       │        │         │         │
├─────────┼──────────┼─────────┼──────────┼───────┼────────┼─────────┼─────────┤
│ /model… │ AxQuant… │ /model… │ (1, 256, │ FP32  │  U16   │ 0.99810 │ 0.00828 │
│         │          │         │ 20, 20)  │       │        │         │         │
├─────────┼──────────┼─────────┼──────────┼───────┼────────┼─────────┼─────────┤
│ op_47:… │ AxQuant… │ /model… │ (1, 16,  │ FP32  │  U16   │ 0.99833 │ 0.00729 │
│         │          │         │ 40, 40)  │       │        │         │         │
├─────────┼──────────┼─────────┼──────────┼───────┼────────┼─────────┼─────────┤
│ op_55:… │ AxQuant… │ /model… │ (1, 80,  │ FP32  │  U16   │ 0.99782 │ 0.00254 │
│         │          │         │ 40, 40)  │       │        │         │         │
├─────────┼──────────┼─────────┼──────────┼───────┼────────┼─────────┼─────────┤
│ op_39:… │ AxQuant… │ /model… │ (1, 256, │ FP32  │  U16   │ 0.99741 │ 0.00237 │
│         │          │         │ 20, 20)  │       │        │         │         │
├─────────┼──────────┼─────────┼──────────┼───────┼────────┼─────────┼─────────┤
│ /model… │ AxQuant… │ /model… │  (1, 4,  │ FP32  │  U16   │ 0.99937 │ 0.03015 │
│         │          │         │ 40, 40)  │       │        │         │         │
├─────────┼──────────┼─────────┼──────────┼───────┼────────┼─────────┼─────────┤
│ /model… │ AxQuant… │ /model… │ (1, 80,  │ FP32  │  U16   │ 0.99824 │ 0.01019 │
│         │          │         │ 40, 40)  │       │        │         │         │
├─────────┼──────────┼─────────┼──────────┼───────┼────────┼─────────┼─────────┤
│ /model… │ AxSlice  │ /model… │ (1, 128, │ FP32  │  U16   │ 0.99708 │ 0.00455 │
│         │          │         │ 20, 20)  │       │        │         │         │
├─────────┼──────────┼─────────┼──────────┼───────┼────────┼─────────┼─────────┤
│ /model… │ AxSlice  │ /model… │ (1, 128, │ FP32  │  U16   │ 0.99931 │ 0.00019 │
│         │          │         │ 20, 20)  │       │        │         │         │
├─────────┼──────────┼─────────┼──────────┼───────┼────────┼─────────┼─────────┤
│ op_56:… │ AxQuant… │ /model… │ (1, 80,  │ FP32  │  U16   │ 0.99854 │ 0.00567 │
│         │          │         │ 40, 40)  │       │        │         │         │
├─────────┼──────────┼─────────┼──────────┼───────┼────────┼─────────┼─────────┤
│ /model… │ AxQuant… │ /model… │ (1, 64,  │ FP32  │  U16   │ 0.99909 │ 0.00422 │
│         │          │         │ 20, 20)  │       │        │         │         │
├─────────┼──────────┼─────────┼──────────┼───────┼────────┼─────────┼─────────┤
│ /model… │ AxQuant… │ /model… │ (1, 80,  │ FP32  │  U16   │ 0.99437 │ 0.11163 │
│         │          │         │ 40, 40)  │       │        │         │         │
├─────────┼──────────┼─────────┼──────────┼───────┼────────┼─────────┼─────────┤
│ op_41:… │ AxQuant… │ /model… │ (1, 64,  │ FP32  │  U16   │ 0.99911 │ 0.00104 │
│         │          │         │ 20, 20)  │       │        │         │         │
├─────────┼──────────┼─────────┼──────────┼───────┼────────┼─────────┼─────────┤
│ op_57:… │ AxQuant… │ /model… │ (1, 80,  │ FP32  │  U16   │ 0.99465 │ 0.08615 │
│         │          │         │ 40, 40)  │       │        │         │         │
├─────────┼──────────┼─────────┼──────────┼───────┼────────┼─────────┼─────────┤
│ /model… │ AxQuant… │ /model… │ (1, 128, │ FP32  │  U16   │ 0.99897 │ 0.00666 │
│         │          │         │ 20, 20)  │       │        │         │         │
├─────────┼──────────┼─────────┼──────────┼───────┼────────┼─────────┼─────────┤
│ /model… │ AxQuant… │ /model… │ (1, 80,  │ FP32  │  U16   │ 0.99902 │ 0.89644 │
│         │          │         │ 40, 40)  │       │        │         │         │
├─────────┼──────────┼─────────┼──────────┼───────┼────────┼─────────┼─────────┤
│ op_42:… │ AxQuant… │ /model… │ (1, 128, │ FP32  │  U16   │ 0.99887 │ 0.00225 │
│         │          │         │ 20, 20)  │       │        │         │         │
├─────────┼──────────┼─────────┼──────────┼───────┼────────┼─────────┼─────────┤
│ /model… │ AxQuant… │ /model… │ (1, 128, │ FP32  │  U16   │ 0.99887 │ 0.00245 │
│         │          │         │ 20, 20)  │       │        │         │         │
├─────────┼──────────┼─────────┼──────────┼───────┼────────┼─────────┼─────────┤
│ output… │ AxDequa… │ output… │ (1, 84,  │ FP32  │  FP32  │ 0.99902 │ 0.85519 │
│         │          │         │ 40, 40)  │       │        │         │         │
├─────────┼──────────┼─────────┼──────────┼───────┼────────┼─────────┼─────────┤
│ /model… │ AxQuant… │ /model… │ (1, 256, │ FP32  │  U16   │ 0.99851 │ 0.00608 │
│         │          │         │ 20, 20)  │       │        │         │         │
├─────────┼──────────┼─────────┼──────────┼───────┼────────┼─────────┼─────────┤
│ /model… │ AxResha… │ /model… │  (1, 2,  │ FP32  │  U16   │ 0.99851 │ 0.00608 │
│         │          │         │   128,   │       │        │         │         │
│         │          │         │   400)   │       │        │         │         │
├─────────┼──────────┼─────────┼──────────┼───────┼────────┼─────────┼─────────┤
│ /model… │ AxSplit  │ /model… │  (1, 2,  │ FP32  │  U16   │ 0.99872 │ 0.00656 │
│         │          │         │ 32, 400) │       │        │         │         │
├─────────┼──────────┼─────────┼──────────┼───────┼────────┼─────────┼─────────┤
│ /model… │ AxSplit  │ /model… │  (1, 2,  │ FP32  │  U16   │ 0.99869 │ 0.00707 │
│         │          │         │ 32, 400) │       │        │         │         │
├─────────┼──────────┼─────────┼──────────┼───────┼────────┼─────────┼─────────┤
│ /model… │ AxSplit  │ /model… │  (1, 2,  │ FP32  │  U16   │ 0.99814 │ 0.00534 │
│         │          │         │ 64, 400) │       │        │         │         │
├─────────┼──────────┼─────────┼──────────┼───────┼────────┼─────────┼─────────┤
│ /model… │ AxQuant… │ /model… │  (1, 2,  │ FP32  │  S16   │ 0.99872 │ 0.00021 │
│         │          │         │ 32, 400) │       │        │         │         │
├─────────┼──────────┼─────────┼──────────┼───────┼────────┼─────────┼─────────┤
│ /model… │ AxResha… │ /model… │ (1, 128, │ FP32  │  U16   │ 0.99814 │ 0.00534 │
│         │          │         │ 20, 20)  │       │        │         │         │
├─────────┼──────────┼─────────┼──────────┼───────┼────────┼─────────┼─────────┤
│ /model… │ AxTrans… │ /model… │  (1, 2,  │ FP32  │  S16   │ 0.99872 │ 0.00021 │
│         │          │         │ 400, 32) │       │        │         │         │
├─────────┼──────────┼─────────┼──────────┼───────┼────────┼─────────┼─────────┤
│ /model… │ AxQuant… │ /model… │ (1, 128, │ FP32  │  U16   │ 0.99802 │ 0.00492 │
│         │          │         │ 20, 20)  │       │        │         │         │
├─────────┼──────────┼─────────┼──────────┼───────┼────────┼─────────┼─────────┤
│ /model… │ AxQuant… │ /model… │  (1, 2,  │ FP32  │  U16   │ 0.99872 │ 0.05940 │
│         │          │         │   400,   │       │        │         │         │
│         │          │         │   400)   │       │        │         │         │
├─────────┼──────────┼─────────┼──────────┼───────┼────────┼─────────┼─────────┤
│ /model… │ AxQuant… │ /model… │  (1, 2,  │ FP32  │  S16   │ 0.99666 │ 0.00000 │
│         │          │         │   400,   │       │        │         │         │
│         │          │         │   400)   │       │        │         │         │
├─────────┼──────────┼─────────┼──────────┼───────┼────────┼─────────┼─────────┤
│ /model… │ AxTrans… │ /model… │  (1, 2,  │ FP32  │  S16   │ 0.99666 │ 0.00000 │
│         │          │         │   400,   │       │        │         │         │
│         │          │         │   400)   │       │        │         │         │
├─────────┼──────────┼─────────┼──────────┼───────┼────────┼─────────┼─────────┤
│ /model… │ AxQuant… │ /model… │  (1, 2,  │ FP32  │  U16   │ 0.99798 │ 0.00365 │
│         │          │         │ 64, 400) │       │        │         │         │
├─────────┼──────────┼─────────┼──────────┼───────┼────────┼─────────┼─────────┤
│ /model… │ AxResha… │ /model… │ (1, 128, │ FP32  │  U16   │ 0.99798 │ 0.00365 │
│         │          │         │ 20, 20)  │       │        │         │         │
├─────────┼──────────┼─────────┼──────────┼───────┼────────┼─────────┼─────────┤
│ /model… │ AxQuant… │ /model… │ (1, 128, │ FP32  │  U16   │ 0.99755 │ 0.00618 │
│         │          │         │ 20, 20)  │       │        │         │         │
├─────────┼──────────┼─────────┼──────────┼───────┼────────┼─────────┼─────────┤
│ /model… │ AxQuant… │ /model… │ (1, 128, │ FP32  │  U16   │ 0.99737 │ 0.00379 │
│         │          │         │ 20, 20)  │       │        │         │         │
├─────────┼──────────┼─────────┼──────────┼───────┼────────┼─────────┼─────────┤
│ /model… │ AxQuant… │ /model… │ (1, 128, │ FP32  │  U16   │ 0.99830 │ 0.00592 │
│         │          │         │ 20, 20)  │       │        │         │         │
├─────────┼──────────┼─────────┼──────────┼───────┼────────┼─────────┼─────────┤
│ /model… │ AxQuant… │ /model… │ (1, 256, │ FP32  │  U16   │ 0.99871 │ 0.01256 │
│         │          │         │ 20, 20)  │       │        │         │         │
├─────────┼──────────┼─────────┼──────────┼───────┼────────┼─────────┼─────────┤
│ op_43:… │ AxQuant… │ /model… │ (1, 256, │ FP32  │  U16   │ 0.99674 │ 0.00260 │
│         │          │         │ 20, 20)  │       │        │         │         │
├─────────┼──────────┼─────────┼──────────┼───────┼────────┼─────────┼─────────┤
│ /model… │ AxQuant… │ /model… │ (1, 128, │ FP32  │  U16   │ 0.99591 │ 0.00721 │
│         │          │         │ 20, 20)  │       │        │         │         │
├─────────┼──────────┼─────────┼──────────┼───────┼────────┼─────────┼─────────┤
│ /model… │ AxQuant… │ /model… │ (1, 128, │ FP32  │  U16   │ 0.99748 │ 0.01028 │
│         │          │         │ 20, 20)  │       │        │         │         │
├─────────┼──────────┼─────────┼──────────┼───────┼────────┼─────────┼─────────┤
│ /model… │ AxQuant… │ /model… │ (1, 384, │ FP32  │  U16   │ 0.99746 │ 0.00501 │
│         │          │         │ 20, 20)  │       │        │         │         │
├─────────┼──────────┼─────────┼──────────┼───────┼────────┼─────────┼─────────┤
│ /model… │ AxQuant… │ /model… │ (1, 256, │ FP32  │  U16   │ 0.99798 │ 0.01470 │
│         │          │         │ 20, 20)  │       │        │         │         │
├─────────┼──────────┼─────────┼──────────┼───────┼────────┼─────────┼─────────┤
│ op_40:… │ AxQuant… │ /model… │ (1, 256, │ FP32  │  U16   │ 0.99734 │ 0.00495 │
│         │          │         │ 20, 20)  │       │        │         │         │
├─────────┼──────────┼─────────┼──────────┼───────┼────────┼─────────┼─────────┤
│ /model… │ AxQuant… │ /model… │ (1, 16,  │ FP32  │  U16   │ 0.99843 │ 0.02140 │
│         │          │         │ 20, 20)  │       │        │         │         │
├─────────┼──────────┼─────────┼──────────┼───────┼────────┼─────────┼─────────┤
│ /model… │ AxQuant… │ /model… │ (1, 256, │ FP32  │  U16   │ 0.99790 │ 0.00683 │
│         │          │         │ 20, 20)  │       │        │         │         │
├─────────┼──────────┼─────────┼──────────┼───────┼────────┼─────────┼─────────┤
│ op_48:… │ AxQuant… │ /model… │ (1, 16,  │ FP32  │  U16   │ 0.99892 │ 0.01098 │
│         │          │         │ 20, 20)  │       │        │         │         │
├─────────┼──────────┼─────────┼──────────┼───────┼────────┼─────────┼─────────┤
│ op_58:… │ AxQuant… │ /model… │ (1, 256, │ FP32  │  U16   │ 0.99760 │ 0.00424 │
│         │          │         │ 20, 20)  │       │        │         │         │
├─────────┼──────────┼─────────┼──────────┼───────┼────────┼─────────┼─────────┤
│ /model… │ AxQuant… │ /model… │ (1, 16,  │ FP32  │  U16   │ 0.99700 │ 0.02532 │
│         │          │         │ 20, 20)  │       │        │         │         │
├─────────┼──────────┼─────────┼──────────┼───────┼────────┼─────────┼─────────┤
│ /model… │ AxQuant… │ /model… │ (1, 80,  │ FP32  │  U16   │ 0.99740 │ 0.01037 │
│         │          │         │ 20, 20)  │       │        │         │         │
├─────────┼──────────┼─────────┼──────────┼───────┼────────┼─────────┼─────────┤
│ op_49:… │ AxQuant… │ /model… │ (1, 16,  │ FP32  │  U16   │ 0.99682 │ 0.02207 │
│         │          │         │ 20, 20)  │       │        │         │         │
├─────────┼──────────┼─────────┼──────────┼───────┼────────┼─────────┼─────────┤
│ op_59:… │ AxQuant… │ /model… │ (1, 80,  │ FP32  │  U16   │ 0.99734 │ 0.00421 │
│         │          │         │ 20, 20)  │       │        │         │         │
├─────────┼──────────┼─────────┼──────────┼───────┼────────┼─────────┼─────────┤
│ /model… │ AxQuant… │ /model… │  (1, 4,  │ FP32  │  U16   │ 0.99896 │ 0.07359 │
│         │          │         │ 20, 20)  │       │        │         │         │
├─────────┼──────────┼─────────┼──────────┼───────┼────────┼─────────┼─────────┤
│ /model… │ AxQuant… │ /model… │ (1, 80,  │ FP32  │  U16   │ 0.99571 │ 0.04125 │
│         │          │         │ 20, 20)  │       │        │         │         │
├─────────┼──────────┼─────────┼──────────┼───────┼────────┼─────────┼─────────┤
│ op_60:… │ AxQuant… │ /model… │ (1, 80,  │ FP32  │  U16   │ 0.99617 │ 0.02041 │
│         │          │         │ 20, 20)  │       │        │         │         │
├─────────┼──────────┼─────────┼──────────┼───────┼────────┼─────────┼─────────┤
│ /model… │ AxQuant… │ /model… │ (1, 80,  │ FP32  │  U16   │ 0.99251 │ 0.15522 │
│         │          │         │ 20, 20)  │       │        │         │         │
├─────────┼──────────┼─────────┼──────────┼───────┼────────┼─────────┼─────────┤
│ op_61:… │ AxQuant… │ /model… │ (1, 80,  │ FP32  │  U16   │ 0.99262 │ 0.11828 │
│         │          │         │ 20, 20)  │       │        │         │         │
├─────────┼──────────┼─────────┼──────────┼───────┼────────┼─────────┼─────────┤
│ /model… │ AxQuant… │ /model… │ (1, 80,  │ FP32  │  U16   │ 0.99742 │ 1.93190 │
│         │          │         │ 20, 20)  │       │        │         │         │
├─────────┼──────────┼─────────┼──────────┼───────┼────────┼─────────┼─────────┤
│ output… │ AxDequa… │ output… │ (1, 84,  │ FP32  │  FP32  │ 0.99743 │ 1.84341 │
│         │          │         │ 20, 20)  │       │        │         │         │
└─────────┴──────────┴─────────┴──────────┴───────┴────────┴─────────┴─────────┘
2026-09-18 12:10:50.624 | INFO     | axnn.yamain.command.precision_analysis:quant_precision_analysis:403 - save precision analysis table to [../build/u16/quant/debug/precision_analysis_table.txt]
2026-09-18 12:10:50.629 | INFO     | axnn.yamain.command.precision_analysis:quant_precision_analysis:411 - save precision analysis graph to [../build/u16/quant/debug/precision_analysis.mmd]
Building native ━━━━━━━━━━━━━━━━━━━━━━━━━━━━━━━━━━━━━━━━ 100% 0:00:00
2026-09-18 12:10:50.824 | INFO     | axnn.yamain.command.build:compile_ptq_model:1164 - group 0 compiler transformation
2026-09-18 12:10:50.827 | WARNING  | axnn.yamain.command.load_model:pre_process:621 - preprocess tensor [images]
2026-09-18 12:10:50.827 | INFO     | axnn.yamain.command.load_model:pre_process:623 - tensor: images, (1, 640, 640, 3), U8
2026-09-18 12:10:50.828 | INFO     | axnn.yamain.command.load_model:pre_process:624 - op: op:pre_dequant_1, AxDequantizeLinear, {'const_inputs': {'x_zeropoint': array(0, dtype=int32), 'x_scale': array(1., dtype=float32)}, 'output_dtype': <class 'numpy.float32'>, 'quant_method': 0}
2026-09-18 12:10:50.828 | INFO     | axnn.yamain.command.load_model:pre_process:623 - tensor: tensor:pre_norm_1, (1, 640, 640, 3), FP32
2026-09-18 12:10:50.828 | INFO     | axnn.yamain.command.load_model:pre_process:624 - op: op:pre_norm_1, AxNormalize, {'dim': 3, 'mean': [0.0, 0.0, 0.0], 'std': [255.0, 255.0, 255.0], 'output_dtype': FP32}
2026-09-18 12:10:50.828 | INFO     | axnn.yamain.command.load_model:pre_process:623 - tensor: tensor:pre_transpose_1, (1, 640, 640, 3), FP32
2026-09-18 12:10:50.828 | INFO     | axnn.yamain.command.load_model:pre_process:624 - op: op:pre_transpose_1, AxTranspose, {'perm': [0, 3, 1, 2]}
2026-09-18 12:10:50.828 | WARNING  | axnn.yamain.command.load_model:post_process:632 - postprocess tensor [output_split_0]
2026-09-18 12:10:50.828 | INFO     | axnn.yamain.command.load_model:handle_postprocess:637 - op: op:post_transpose_1, AxTranspose
2026-09-18 12:10:50.828 | WARNING  | axnn.yamain.command.load_model:post_process:632 - postprocess tensor [output_split_1]
2026-09-18 12:10:50.828 | INFO     | axnn.yamain.command.load_model:handle_postprocess:637 - op: op:post_transpose_2, AxTranspose
2026-09-18 12:10:50.829 | WARNING  | axnn.yamain.command.load_model:post_process:632 - postprocess tensor [output_split_2]
2026-09-18 12:10:50.829 | INFO     | axnn.yamain.command.load_model:handle_postprocess:637 - op: op:post_transpose_3, AxTranspose
2026-09-18 12:10:50.833 | INFO     | axnn.yamain.command.load_model:ir_compiler_transformation:827 - use random data as gt input: images, uint8, (1, 640, 640, 3)
2026-09-18 12:10:53.602 | INFO     | axnn.yamain.command.build:compile_ptq_model:1185 - group 0 QuantAxModel macs: 5,603,187,200
2026-09-18 12:10:53.747 | INFO     | axnn.yamain.command.build:compile_ptq_model:1320 - subgraph [0], group: 0, type: GraphType.NPU
2026-09-18 12:10:53.748 | INFO     | axnn.yamain.compiler.npu_backend_compiler:compile:206 - compile npu subgraph [0]
tiling op...   ━━━━━━━━━━━━━━━━━━━━━━━━━━━━━━━━━━━━━━━━━━━━━━━━━ 288/288 0:00:09
new_ddr_tensor = []
build op serially...   ━━━━━━━━━━━━━━━━━━━━━━━━━━━━━━━━━━━━━━━ 1486/1486 0:00:33
build op...   ━━━━━━━━━━━━━━━━━━━━━━━━━━━━━━━━━━━━━━━━━━━━━━━━ 2446/2446 0:00:06
add ddr swap...   ━━━━━━━━━━━━━━━━━━━━━━━━━━━━━━━━━━━━━━━━━━━━ 9164/9164 0:00:03
calc input dependencies...   ━━━━━━━━━━━━━━━━━━━━━━━━━━━━━━━━━ 9840/9840 0:00:03
calc output dependencies...   ━━━━━━━━━━━━━━━━━━━━━━━━━━━━━━━━ 9840/9840 0:00:06
assign eu heuristic   ━━━━━━━━━━━━━━━━━━━━━━━━━━━━━━━━━━━━━━━━ 9840/9840 0:00:01
assign eu onepass   ━━━━━━━━━━━━━━━━━━━━━━━━━━━━━━━━━━━━━━━━━━ 9840/9840 0:00:00
assign eu greedy   ━━━━━━━━━━━━━━━━━━━━━━━━━━━━━━━━━━━━━━━━━━━ 9840/9840 0:00:00
2026-09-18 12:12:03.799 | INFO     | axnn.yasched.test_onepass:results2model_gen:3239 - clear job deps
2026-09-18 12:12:03.799 | INFO     | axnn.yasched.test_onepass:results2model_gen:3240 - max_cycle = 13,572,168
build jobs   ━━━━━━━━━━━━━━━━━━━━━━━━━━━━━━━━━━━━━━━━━━━━━━━━━ 9840/9840 0:00:08
2026-09-18 12:12:14.306 | INFO     | axnn.yamain.compiler.npu_backend_compiler:compile:310 - assemble model [0] [subgraph_npu_0] b1
2026-09-18 12:12:36.697 | DEBUG    | axnn.backend.ax620e.linker:link_with_dispatcher:1935 - eu_chunk time_limit: False
2026-09-18 12:12:36.698 | DEBUG    | axnn.backend.ax620e.linker:link_with_dispatcher:1936 - eu_chunk only_bysize: True
2026-09-18 12:13:24.264 | INFO     | axnn.backend.ax620e.linker:link_with_dispatcher:2004 - DispatcherQueueType.IO: Generate 62 EU chunks, 7 Dispatcher Chunk
2026-09-18 12:13:24.264 | INFO     | axnn.backend.ax620e.linker:link_with_dispatcher:2004 - DispatcherQueueType.Compute: Generate 101 EU chunks, 17 Dispatcher Chunk
2026-09-18 12:13:24.264 | INFO     | axnn.backend.ax620e.linker:link_with_dispatcher:2005 - EU mcode size: 375 KiB
2026-09-18 12:13:24.264 | INFO     | axnn.backend.ax620e.linker:link_with_dispatcher:2006 - Dispatcher mcode size: 21 KiB
2026-09-18 12:13:24.264 | INFO     | axnn.backend.ax620e.linker:link_with_dispatcher:2007 - Total mcode size: 395 KiB
2026-09-18 12:13:24.368 | INFO     | axnn.yamain.command.build:compile_ptq_model:1367 - fuse 1 subgraph(s)
